image_path,label
Apple(1-5)\frame1000.jpg,Apple(1-5)
Apple(1-5)\frame1010.jpg,Apple(1-5)
Apple(1-5)\frame1020.jpg,Apple(1-5)
Apple(1-5)\frame1030.jpg,Apple(1-5)
Apple(1-5)\frame1040.jpg,Apple(1-5)
Apple(1-5)\frame1050.jpg,Apple(1-5)
Apple(1-5)\frame1060.jpg,Apple(1-5)
Apple(1-5)\frame1070.jpg,Apple(1-5)
Apple(1-5)\frame1080.jpg,Apple(1-5)
Apple(1-5)\frame1090.jpg,Apple(1-5)
Apple(1-5)\frame1100.jpg,Apple(1-5)
Apple(1-5)\frame1110.jpg,Apple(1-5)
Apple(1-5)\frame1120.jpg,Apple(1-5)
Apple(1-5)\frame1130.jpg,Apple(1-5)
Apple(1-5)\frame1140.jpg,Apple(1-5)
Apple(1-5)\frame1150.jpg,Apple(1-5)
Apple(1-5)\frame1160.jpg,Apple(1-5)
Apple(1-5)\frame1170.jpg,Apple(1-5)
Apple(1-5)\frame1180.jpg,Apple(1-5)
Apple(1-5)\frame1190.jpg,Apple(1-5)
Apple(1-5)\frame1200.jpg,Apple(1-5)
Apple(1-5)\frame1210.jpg,Apple(1-5)
Apple(1-5)\frame1220.jpg,Apple(1-5)
Apple(1-5)\frame1230.jpg,Apple(1-5)
Apple(1-5)\frame1240.jpg,Apple(1-5)
Apple(1-5)\frame1250.jpg,Apple(1-5)
Apple(1-5)\frame1260.jpg,Apple(1-5)
Apple(1-5)\frame1270.jpg,Apple(1-5)
Apple(1-5)\frame1280.jpg,Apple(1-5)
Apple(1-5)\frame340.jpg,Apple(1-5)
Apple(1-5)\frame341.jpg,Apple(1-5)
Apple(1-5)\frame342.jpg,Apple(1-5)
Apple(1-5)\frame343.jpg,Apple(1-5)
Apple(1-5)\frame344.jpg,Apple(1-5)
Apple(1-5)\frame345.jpg,Apple(1-5)
Apple(1-5)\frame346.jpg,Apple(1-5)
Apple(1-5)\frame347.jpg,Apple(1-5)
Apple(1-5)\frame348.jpg,Apple(1-5)
Apple(1-5)\frame349.jpg,Apple(1-5)
Apple(1-5)\frame350.jpg,Apple(1-5)
Apple(1-5)\frame351.jpg,Apple(1-5)
Apple(1-5)\frame352.jpg,Apple(1-5)
Apple(1-5)\frame353.jpg,Apple(1-5)
Apple(1-5)\frame354.jpg,Apple(1-5)
Apple(1-5)\frame355.jpg,Apple(1-5)
Apple(1-5)\frame356.jpg,Apple(1-5)
Apple(1-5)\frame357.jpg,Apple(1-5)
Apple(1-5)\frame369.jpg,Apple(1-5)
Apple(1-5)\frame401.jpg,Apple(1-5)
Apple(1-5)\frame405.jpg,Apple(1-5)
Apple(1-5)\frame410.jpg,Apple(1-5)
Apple(1-5)\frame411.jpg,Apple(1-5)
Apple(1-5)\frame415.jpg,Apple(1-5)
Apple(1-5)\frame420.jpg,Apple(1-5)
Apple(1-5)\frame421.jpg,Apple(1-5)
Apple(1-5)\frame425.jpg,Apple(1-5)
Apple(1-5)\frame430.jpg,Apple(1-5)
Apple(1-5)\frame431.jpg,Apple(1-5)
Apple(1-5)\frame435.jpg,Apple(1-5)
Apple(1-5)\frame440.jpg,Apple(1-5)
Apple(1-5)\frame441.jpg,Apple(1-5)
Apple(1-5)\frame445.jpg,Apple(1-5)
Apple(1-5)\frame450.jpg,Apple(1-5)
Apple(1-5)\frame451.jpg,Apple(1-5)
Apple(1-5)\frame455.jpg,Apple(1-5)
Apple(1-5)\frame460.jpg,Apple(1-5)
Apple(1-5)\frame461.jpg,Apple(1-5)
Apple(1-5)\frame465.jpg,Apple(1-5)
Apple(1-5)\frame470.jpg,Apple(1-5)
Apple(1-5)\frame471.jpg,Apple(1-5)
Apple(1-5)\frame475.jpg,Apple(1-5)
Apple(1-5)\frame480.jpg,Apple(1-5)
Apple(1-5)\frame481.jpg,Apple(1-5)
Apple(1-5)\frame485.jpg,Apple(1-5)
Apple(1-5)\frame486.jpg,Apple(1-5)
Apple(1-5)\frame490.jpg,Apple(1-5)
Apple(1-5)\frame491.jpg,Apple(1-5)
Apple(1-5)\frame495.jpg,Apple(1-5)
Apple(1-5)\frame500.jpg,Apple(1-5)
Apple(1-5)\frame501.jpg,Apple(1-5)
Apple(1-5)\frame506.jpg,Apple(1-5)
Apple(1-5)\frame510.jpg,Apple(1-5)
Apple(1-5)\frame511.jpg,Apple(1-5)
Apple(1-5)\frame516.jpg,Apple(1-5)
Apple(1-5)\frame520.jpg,Apple(1-5)
Apple(1-5)\frame551.jpg,Apple(1-5)
Apple(1-5)\frame552.jpg,Apple(1-5)
Apple(1-5)\frame553.jpg,Apple(1-5)
Apple(1-5)\frame554.jpg,Apple(1-5)
Apple(1-5)\frame555.jpg,Apple(1-5)
Apple(1-5)\frame556.jpg,Apple(1-5)
Apple(1-5)\frame557.jpg,Apple(1-5)
Apple(1-5)\frame558.jpg,Apple(1-5)
Apple(1-5)\frame559.jpg,Apple(1-5)
Apple(1-5)\frame560.jpg,Apple(1-5)
Apple(1-5)\frame561.jpg,Apple(1-5)
Apple(1-5)\frame562.jpg,Apple(1-5)
Apple(1-5)\frame563.jpg,Apple(1-5)
Apple(1-5)\frame564.jpg,Apple(1-5)
Apple(1-5)\frame565.jpg,Apple(1-5)
Apple(1-5)\frame566.jpg,Apple(1-5)
Apple(1-5)\frame567.jpg,Apple(1-5)
Apple(1-5)\frame568.jpg,Apple(1-5)
Apple(1-5)\frame569.jpg,Apple(1-5)
Apple(1-5)\frame570.jpg,Apple(1-5)
Apple(1-5)\frame571.jpg,Apple(1-5)
Apple(1-5)\frame572.jpg,Apple(1-5)
Apple(1-5)\frame573.jpg,Apple(1-5)
Apple(1-5)\frame574.jpg,Apple(1-5)
Apple(1-5)\frame575.jpg,Apple(1-5)
Apple(1-5)\frame576.jpg,Apple(1-5)
Apple(1-5)\frame577.jpg,Apple(1-5)
Apple(1-5)\frame578.jpg,Apple(1-5)
Apple(1-5)\frame579.jpg,Apple(1-5)
Apple(1-5)\frame580.jpg,Apple(1-5)
Apple(1-5)\frame581.jpg,Apple(1-5)
Apple(1-5)\frame830.jpg,Apple(1-5)
Apple(1-5)\frame840.jpg,Apple(1-5)
Apple(1-5)\frame850.jpg,Apple(1-5)
Apple(1-5)\frame860.jpg,Apple(1-5)
Apple(1-5)\frame870.jpg,Apple(1-5)
Apple(1-5)\frame880.jpg,Apple(1-5)
Apple(1-5)\frame890.jpg,Apple(1-5)
Apple(1-5)\frame900.jpg,Apple(1-5)
Apple(1-5)\frame910.jpg,Apple(1-5)
Apple(1-5)\frame920.jpg,Apple(1-5)
Apple(1-5)\frame930.jpg,Apple(1-5)
Apple(1-5)\frame940.jpg,Apple(1-5)
Apple(1-5)\frame950.jpg,Apple(1-5)
Apple(1-5)\frame960.jpg,Apple(1-5)
Apple(1-5)\frame970.jpg,Apple(1-5)
Apple(1-5)\frame980.jpg,Apple(1-5)
Apple(1-5)\frame990.jpg,Apple(1-5)
Apple(10-14)\frame1.jpg,Apple(10-14)
Apple(10-14)\frame10.jpg,Apple(10-14)
Apple(10-14)\frame100 (2).jpg,Apple(10-14)
Apple(10-14)\frame100.jpg,Apple(10-14)
Apple(10-14)\frame101.jpg,Apple(10-14)
Apple(10-14)\frame102.jpg,Apple(10-14)
Apple(10-14)\frame103.jpg,Apple(10-14)
Apple(10-14)\frame104 (2).jpg,Apple(10-14)
Apple(10-14)\frame104.jpg,Apple(10-14)
Apple(10-14)\frame105.jpg,Apple(10-14)
Apple(10-14)\frame106.jpg,Apple(10-14)
Apple(10-14)\frame109.jpg,Apple(10-14)
Apple(10-14)\frame11.jpg,Apple(10-14)
Apple(10-14)\frame112.jpg,Apple(10-14)
Apple(10-14)\frame114.jpg,Apple(10-14)
Apple(10-14)\frame115 (2).jpg,Apple(10-14)
Apple(10-14)\frame115.jpg,Apple(10-14)
Apple(10-14)\frame118.jpg,Apple(10-14)
Apple(10-14)\frame120.jpg,Apple(10-14)
Apple(10-14)\frame121.jpg,Apple(10-14)
Apple(10-14)\frame122.jpg,Apple(10-14)
Apple(10-14)\frame124.jpg,Apple(10-14)
Apple(10-14)\frame125.jpg,Apple(10-14)
Apple(10-14)\frame126.jpg,Apple(10-14)
Apple(10-14)\frame127 (2).jpg,Apple(10-14)
Apple(10-14)\frame127.jpg,Apple(10-14)
Apple(10-14)\frame128.jpg,Apple(10-14)
Apple(10-14)\frame13.jpg,Apple(10-14)
Apple(10-14)\frame130 (2).jpg,Apple(10-14)
Apple(10-14)\frame130.jpg,Apple(10-14)
Apple(10-14)\frame133.jpg,Apple(10-14)
Apple(10-14)\frame134.jpg,Apple(10-14)
Apple(10-14)\frame135.jpg,Apple(10-14)
Apple(10-14)\frame136.jpg,Apple(10-14)
Apple(10-14)\frame139.jpg,Apple(10-14)
Apple(10-14)\frame140.jpg,Apple(10-14)
Apple(10-14)\frame141.jpg,Apple(10-14)
Apple(10-14)\frame142.jpg,Apple(10-14)
Apple(10-14)\frame144.jpg,Apple(10-14)
Apple(10-14)\frame145.jpg,Apple(10-14)
Apple(10-14)\frame146.jpg,Apple(10-14)
Apple(10-14)\frame147.jpg,Apple(10-14)
Apple(10-14)\frame148 (2).jpg,Apple(10-14)
Apple(10-14)\frame148.jpg,Apple(10-14)
Apple(10-14)\frame149.jpg,Apple(10-14)
Apple(10-14)\frame150.jpg,Apple(10-14)
Apple(10-14)\frame151 (2).jpg,Apple(10-14)
Apple(10-14)\frame151.jpg,Apple(10-14)
Apple(10-14)\frame152.jpg,Apple(10-14)
Apple(10-14)\frame153.jpg,Apple(10-14)
Apple(10-14)\frame154 (2).jpg,Apple(10-14)
Apple(10-14)\frame154.jpg,Apple(10-14)
Apple(10-14)\frame155.jpg,Apple(10-14)
Apple(10-14)\frame156.jpg,Apple(10-14)
Apple(10-14)\frame157 (2).jpg,Apple(10-14)
Apple(10-14)\frame157.jpg,Apple(10-14)
Apple(10-14)\frame158.jpg,Apple(10-14)
Apple(10-14)\frame159.jpg,Apple(10-14)
Apple(10-14)\frame16.jpg,Apple(10-14)
Apple(10-14)\frame160 (2).jpg,Apple(10-14)
Apple(10-14)\frame160.jpg,Apple(10-14)
Apple(10-14)\frame161.jpg,Apple(10-14)
Apple(10-14)\frame162.jpg,Apple(10-14)
Apple(10-14)\frame163 (2).jpg,Apple(10-14)
Apple(10-14)\frame163.jpg,Apple(10-14)
Apple(10-14)\frame164.jpg,Apple(10-14)
Apple(10-14)\frame165.jpg,Apple(10-14)
Apple(10-14)\frame166 (2).jpg,Apple(10-14)
Apple(10-14)\frame166.jpg,Apple(10-14)
Apple(10-14)\frame167.jpg,Apple(10-14)
Apple(10-14)\frame168.jpg,Apple(10-14)
Apple(10-14)\frame169 (2).jpg,Apple(10-14)
Apple(10-14)\frame169.jpg,Apple(10-14)
Apple(10-14)\frame170.jpg,Apple(10-14)
Apple(10-14)\frame171.jpg,Apple(10-14)
Apple(10-14)\frame172 (2).jpg,Apple(10-14)
Apple(10-14)\frame172.jpg,Apple(10-14)
Apple(10-14)\frame173.jpg,Apple(10-14)
Apple(10-14)\frame174.jpg,Apple(10-14)
Apple(10-14)\frame175 (2).jpg,Apple(10-14)
Apple(10-14)\frame175.jpg,Apple(10-14)
Apple(10-14)\frame176.jpg,Apple(10-14)
Apple(10-14)\frame177.jpg,Apple(10-14)
Apple(10-14)\frame178 (2).jpg,Apple(10-14)
Apple(10-14)\frame178.jpg,Apple(10-14)
Apple(10-14)\frame179.jpg,Apple(10-14)
Apple(10-14)\frame180.jpg,Apple(10-14)
Apple(10-14)\frame181 (2).jpg,Apple(10-14)
Apple(10-14)\frame181.jpg,Apple(10-14)
Apple(10-14)\frame182.jpg,Apple(10-14)
Apple(10-14)\frame183.jpg,Apple(10-14)
Apple(10-14)\frame184 (2).jpg,Apple(10-14)
Apple(10-14)\frame184.jpg,Apple(10-14)
Apple(10-14)\frame185.jpg,Apple(10-14)
Apple(10-14)\frame186.jpg,Apple(10-14)
Apple(10-14)\frame187 (2).jpg,Apple(10-14)
Apple(10-14)\frame187.jpg,Apple(10-14)
Apple(10-14)\frame188.jpg,Apple(10-14)
Apple(10-14)\frame189.jpg,Apple(10-14)
Apple(10-14)\frame19.jpg,Apple(10-14)
Apple(10-14)\frame190 (2).jpg,Apple(10-14)
Apple(10-14)\frame190.jpg,Apple(10-14)
Apple(10-14)\frame191.jpg,Apple(10-14)
Apple(10-14)\frame192.jpg,Apple(10-14)
Apple(10-14)\frame193 (2).jpg,Apple(10-14)
Apple(10-14)\frame193.jpg,Apple(10-14)
Apple(10-14)\frame194.jpg,Apple(10-14)
Apple(10-14)\frame195.jpg,Apple(10-14)
Apple(10-14)\frame196 (2).jpg,Apple(10-14)
Apple(10-14)\frame196.jpg,Apple(10-14)
Apple(10-14)\frame197.jpg,Apple(10-14)
Apple(10-14)\frame198.jpg,Apple(10-14)
Apple(10-14)\frame199 (2).jpg,Apple(10-14)
Apple(10-14)\frame199.jpg,Apple(10-14)
Apple(10-14)\frame200.jpg,Apple(10-14)
Apple(10-14)\frame201.jpg,Apple(10-14)
Apple(10-14)\frame202 (2).jpg,Apple(10-14)
Apple(10-14)\frame202.jpg,Apple(10-14)
Apple(10-14)\frame203.jpg,Apple(10-14)
Apple(10-14)\frame204.jpg,Apple(10-14)
Apple(10-14)\frame205 (2).jpg,Apple(10-14)
Apple(10-14)\frame205.jpg,Apple(10-14)
Apple(10-14)\frame206.jpg,Apple(10-14)
Apple(10-14)\frame207.jpg,Apple(10-14)
Apple(10-14)\frame208 (2).jpg,Apple(10-14)
Apple(10-14)\frame208.jpg,Apple(10-14)
Apple(10-14)\frame209.jpg,Apple(10-14)
Apple(10-14)\frame21.jpg,Apple(10-14)
Apple(10-14)\frame210.jpg,Apple(10-14)
Apple(10-14)\frame211 (2).jpg,Apple(10-14)
Apple(10-14)\frame211.jpg,Apple(10-14)
Apple(10-14)\frame212.jpg,Apple(10-14)
Apple(10-14)\frame213.jpg,Apple(10-14)
Apple(10-14)\frame214 (2).jpg,Apple(10-14)
Apple(10-14)\frame214.jpg,Apple(10-14)
Apple(10-14)\frame215.jpg,Apple(10-14)
Apple(10-14)\frame216.jpg,Apple(10-14)
Apple(10-14)\frame217 (2).jpg,Apple(10-14)
Apple(10-14)\frame217.jpg,Apple(10-14)
Apple(10-14)\frame218.jpg,Apple(10-14)
Apple(10-14)\frame219.jpg,Apple(10-14)
Apple(10-14)\frame22.jpg,Apple(10-14)
Apple(10-14)\frame220 (2).jpg,Apple(10-14)
Apple(10-14)\frame220.jpg,Apple(10-14)
Apple(10-14)\frame221.jpg,Apple(10-14)
Apple(10-14)\frame222.jpg,Apple(10-14)
Apple(10-14)\frame223.jpg,Apple(10-14)
Apple(10-14)\frame224.jpg,Apple(10-14)
Apple(10-14)\frame225.jpg,Apple(10-14)
Apple(10-14)\frame226.jpg,Apple(10-14)
Apple(10-14)\frame227.jpg,Apple(10-14)
Apple(10-14)\frame228.jpg,Apple(10-14)
Apple(10-14)\frame229.jpg,Apple(10-14)
Apple(10-14)\frame23.jpg,Apple(10-14)
Apple(10-14)\frame230.jpg,Apple(10-14)
Apple(10-14)\frame231.jpg,Apple(10-14)
Apple(10-14)\frame232.jpg,Apple(10-14)
Apple(10-14)\frame233.jpg,Apple(10-14)
Apple(10-14)\frame234.jpg,Apple(10-14)
Apple(10-14)\frame235.jpg,Apple(10-14)
Apple(10-14)\frame236.jpg,Apple(10-14)
Apple(10-14)\frame237.jpg,Apple(10-14)
Apple(10-14)\frame238.jpg,Apple(10-14)
Apple(10-14)\frame239.jpg,Apple(10-14)
Apple(10-14)\frame240.jpg,Apple(10-14)
Apple(10-14)\frame241.jpg,Apple(10-14)
Apple(10-14)\frame242.jpg,Apple(10-14)
Apple(10-14)\frame243.jpg,Apple(10-14)
Apple(10-14)\frame244.jpg,Apple(10-14)
Apple(10-14)\frame245.jpg,Apple(10-14)
Apple(10-14)\frame246.jpg,Apple(10-14)
Apple(10-14)\frame247.jpg,Apple(10-14)
Apple(10-14)\frame248.jpg,Apple(10-14)
Apple(10-14)\frame249.jpg,Apple(10-14)
Apple(10-14)\frame25.jpg,Apple(10-14)
Apple(10-14)\frame250.jpg,Apple(10-14)
Apple(10-14)\frame251.jpg,Apple(10-14)
Apple(10-14)\frame252.jpg,Apple(10-14)
Apple(10-14)\frame253.jpg,Apple(10-14)
Apple(10-14)\frame254.jpg,Apple(10-14)
Apple(10-14)\frame255.jpg,Apple(10-14)
Apple(10-14)\frame256.jpg,Apple(10-14)
Apple(10-14)\frame257.jpg,Apple(10-14)
Apple(10-14)\frame258.jpg,Apple(10-14)
Apple(10-14)\frame259.jpg,Apple(10-14)
Apple(10-14)\frame26.jpg,Apple(10-14)
Apple(10-14)\frame27.jpg,Apple(10-14)
Apple(10-14)\frame28.jpg,Apple(10-14)
Apple(10-14)\frame31.jpg,Apple(10-14)
Apple(10-14)\frame330.jpg,Apple(10-14)
Apple(10-14)\frame34.jpg,Apple(10-14)
Apple(10-14)\frame340.jpg,Apple(10-14)
Apple(10-14)\frame35.jpg,Apple(10-14)
Apple(10-14)\frame350.jpg,Apple(10-14)
Apple(10-14)\frame360.jpg,Apple(10-14)
Apple(10-14)\frame37.jpg,Apple(10-14)
Apple(10-14)\frame370.jpg,Apple(10-14)
Apple(10-14)\frame38.jpg,Apple(10-14)
Apple(10-14)\frame380.jpg,Apple(10-14)
Apple(10-14)\frame390.jpg,Apple(10-14)
Apple(10-14)\frame4.jpg,Apple(10-14)
Apple(10-14)\frame40.jpg,Apple(10-14)
Apple(10-14)\frame400.jpg,Apple(10-14)
Apple(10-14)\frame410.jpg,Apple(10-14)
Apple(10-14)\frame420.jpg,Apple(10-14)
Apple(10-14)\frame43.jpg,Apple(10-14)
Apple(10-14)\frame430.jpg,Apple(10-14)
Apple(10-14)\frame440.jpg,Apple(10-14)
Apple(10-14)\frame450.jpg,Apple(10-14)
Apple(10-14)\frame46.jpg,Apple(10-14)
Apple(10-14)\frame460.jpg,Apple(10-14)
Apple(10-14)\frame470.jpg,Apple(10-14)
Apple(10-14)\frame48.jpg,Apple(10-14)
Apple(10-14)\frame480.jpg,Apple(10-14)
Apple(10-14)\frame49.jpg,Apple(10-14)
Apple(10-14)\frame490.jpg,Apple(10-14)
Apple(10-14)\frame500.jpg,Apple(10-14)
Apple(10-14)\frame510.jpg,Apple(10-14)
Apple(10-14)\frame52.jpg,Apple(10-14)
Apple(10-14)\frame520.jpg,Apple(10-14)
Apple(10-14)\frame53.jpg,Apple(10-14)
Apple(10-14)\frame530.jpg,Apple(10-14)
Apple(10-14)\frame54.jpg,Apple(10-14)
Apple(10-14)\frame540.jpg,Apple(10-14)
Apple(10-14)\frame543.jpg,Apple(10-14)
Apple(10-14)\frame544.jpg,Apple(10-14)
Apple(10-14)\frame545.jpg,Apple(10-14)
Apple(10-14)\frame546.jpg,Apple(10-14)
Apple(10-14)\frame547.jpg,Apple(10-14)
Apple(10-14)\frame548.jpg,Apple(10-14)
Apple(10-14)\frame549.jpg,Apple(10-14)
Apple(10-14)\frame55 (2).jpg,Apple(10-14)
Apple(10-14)\frame55.jpg,Apple(10-14)
Apple(10-14)\frame550 (2).jpg,Apple(10-14)
Apple(10-14)\frame550.jpg,Apple(10-14)
Apple(10-14)\frame551.jpg,Apple(10-14)
Apple(10-14)\frame552.jpg,Apple(10-14)
Apple(10-14)\frame553.jpg,Apple(10-14)
Apple(10-14)\frame554.jpg,Apple(10-14)
Apple(10-14)\frame555.jpg,Apple(10-14)
Apple(10-14)\frame556.jpg,Apple(10-14)
Apple(10-14)\frame557.jpg,Apple(10-14)
Apple(10-14)\frame558.jpg,Apple(10-14)
Apple(10-14)\frame559.jpg,Apple(10-14)
Apple(10-14)\frame560 (2).jpg,Apple(10-14)
Apple(10-14)\frame560.jpg,Apple(10-14)
Apple(10-14)\frame561.jpg,Apple(10-14)
Apple(10-14)\frame562.jpg,Apple(10-14)
Apple(10-14)\frame563.jpg,Apple(10-14)
Apple(10-14)\frame564.jpg,Apple(10-14)
Apple(10-14)\frame565.jpg,Apple(10-14)
Apple(10-14)\frame566.jpg,Apple(10-14)
Apple(10-14)\frame567.jpg,Apple(10-14)
Apple(10-14)\frame568.jpg,Apple(10-14)
Apple(10-14)\frame569.jpg,Apple(10-14)
Apple(10-14)\frame570 (2).jpg,Apple(10-14)
Apple(10-14)\frame570.jpg,Apple(10-14)
Apple(10-14)\frame571.jpg,Apple(10-14)
Apple(10-14)\frame572.jpg,Apple(10-14)
Apple(10-14)\frame573.jpg,Apple(10-14)
Apple(10-14)\frame574.jpg,Apple(10-14)
Apple(10-14)\frame575.jpg,Apple(10-14)
Apple(10-14)\frame576.jpg,Apple(10-14)
Apple(10-14)\frame577.jpg,Apple(10-14)
Apple(10-14)\frame578.jpg,Apple(10-14)
Apple(10-14)\frame579.jpg,Apple(10-14)
Apple(10-14)\frame58.jpg,Apple(10-14)
Apple(10-14)\frame580 (2).jpg,Apple(10-14)
Apple(10-14)\frame580.jpg,Apple(10-14)
Apple(10-14)\frame581.jpg,Apple(10-14)
Apple(10-14)\frame582.jpg,Apple(10-14)
Apple(10-14)\frame590.jpg,Apple(10-14)
Apple(10-14)\frame6.jpg,Apple(10-14)
Apple(10-14)\frame600.jpg,Apple(10-14)
Apple(10-14)\frame61.jpg,Apple(10-14)
Apple(10-14)\frame610.jpg,Apple(10-14)
Apple(10-14)\frame63.jpg,Apple(10-14)
Apple(10-14)\frame64.jpg,Apple(10-14)
Apple(10-14)\frame67.jpg,Apple(10-14)
Apple(10-14)\frame7.jpg,Apple(10-14)
Apple(10-14)\frame70.jpg,Apple(10-14)
Apple(10-14)\frame73.jpg,Apple(10-14)
Apple(10-14)\frame74.jpg,Apple(10-14)
Apple(10-14)\frame76.jpg,Apple(10-14)
Apple(10-14)\frame79.jpg,Apple(10-14)
Apple(10-14)\frame80.jpg,Apple(10-14)
Apple(10-14)\frame82.jpg,Apple(10-14)
Apple(10-14)\frame84.jpg,Apple(10-14)
Apple(10-14)\frame85.jpg,Apple(10-14)
Apple(10-14)\frame86.jpg,Apple(10-14)
Apple(10-14)\frame87.jpg,Apple(10-14)
Apple(10-14)\frame88.jpg,Apple(10-14)
Apple(10-14)\frame89.jpg,Apple(10-14)
Apple(10-14)\frame90.jpg,Apple(10-14)
Apple(10-14)\frame91.jpg,Apple(10-14)
Apple(10-14)\frame92.jpg,Apple(10-14)
Apple(10-14)\frame93 (2).jpg,Apple(10-14)
Apple(10-14)\frame93.jpg,Apple(10-14)
Apple(10-14)\frame94.jpg,Apple(10-14)
Apple(10-14)\frame95.jpg,Apple(10-14)
Apple(10-14)\frame96.jpg,Apple(10-14)
Apple(10-14)\frame97.jpg,Apple(10-14)
Apple(10-14)\frame99.jpg,Apple(10-14)
Apple(5-10)\frame154.jpg,Apple(5-10)
Apple(5-10)\frame155.jpg,Apple(5-10)
Apple(5-10)\frame156.jpg,Apple(5-10)
Apple(5-10)\frame157.jpg,Apple(5-10)
Apple(5-10)\frame158.jpg,Apple(5-10)
Apple(5-10)\frame164.jpg,Apple(5-10)
Apple(5-10)\frame165.jpg,Apple(5-10)
Apple(5-10)\frame166.jpg,Apple(5-10)
Apple(5-10)\frame167.jpg,Apple(5-10)
Apple(5-10)\frame168.jpg,Apple(5-10)
Apple(5-10)\frame169.jpg,Apple(5-10)
Apple(5-10)\frame174.jpg,Apple(5-10)
Apple(5-10)\frame175.jpg,Apple(5-10)
Apple(5-10)\frame176.jpg,Apple(5-10)
Apple(5-10)\frame177.jpg,Apple(5-10)
Apple(5-10)\frame179.jpg,Apple(5-10)
Apple(5-10)\frame184.jpg,Apple(5-10)
Apple(5-10)\frame190.jpg,Apple(5-10)
Apple(5-10)\frame191.jpg,Apple(5-10)
Apple(5-10)\frame192.jpg,Apple(5-10)
Apple(5-10)\frame193.jpg,Apple(5-10)
Apple(5-10)\frame194.jpg,Apple(5-10)
Apple(5-10)\frame195.jpg,Apple(5-10)
Apple(5-10)\frame196.jpg,Apple(5-10)
Apple(5-10)\frame197.jpg,Apple(5-10)
Apple(5-10)\frame204.jpg,Apple(5-10)
Apple(5-10)\frame210.jpg,Apple(5-10)
Apple(5-10)\frame212.jpg,Apple(5-10)
Apple(5-10)\frame213.jpg,Apple(5-10)
Apple(5-10)\frame214.jpg,Apple(5-10)
Apple(5-10)\frame217.jpg,Apple(5-10)
Apple(5-10)\frame218.jpg,Apple(5-10)
Apple(5-10)\frame219.jpg,Apple(5-10)
Apple(5-10)\frame221.jpg,Apple(5-10)
Apple(5-10)\frame224.jpg,Apple(5-10)
Apple(5-10)\frame227.jpg,Apple(5-10)
Apple(5-10)\frame229.jpg,Apple(5-10)
Apple(5-10)\frame234.jpg,Apple(5-10)
Apple(5-10)\frame240.jpg,Apple(5-10)
Apple(5-10)\frame243.jpg,Apple(5-10)
Apple(5-10)\frame244.jpg,Apple(5-10)
Apple(5-10)\frame250 (2).jpg,Apple(5-10)
Apple(5-10)\frame250.jpg,Apple(5-10)
Apple(5-10)\frame254.jpg,Apple(5-10)
Apple(5-10)\frame255.jpg,Apple(5-10)
Apple(5-10)\frame257.jpg,Apple(5-10)
Apple(5-10)\frame258.jpg,Apple(5-10)
Apple(5-10)\frame259.jpg,Apple(5-10)
Apple(5-10)\frame260 (2).jpg,Apple(5-10)
Apple(5-10)\frame260.jpg,Apple(5-10)
Apple(5-10)\frame261.jpg,Apple(5-10)
Apple(5-10)\frame262.jpg,Apple(5-10)
Apple(5-10)\frame263.jpg,Apple(5-10)
Apple(5-10)\frame264.jpg,Apple(5-10)
Apple(5-10)\frame265 - Copy.jpg,Apple(5-10)
Apple(5-10)\frame265.jpg,Apple(5-10)
Apple(5-10)\frame266.jpg,Apple(5-10)
Apple(5-10)\frame268.jpg,Apple(5-10)
Apple(5-10)\frame269.jpg,Apple(5-10)
Apple(5-10)\frame270 (2).jpg,Apple(5-10)
Apple(5-10)\frame270 - Copy.jpg,Apple(5-10)
Apple(5-10)\frame270.jpg,Apple(5-10)
Apple(5-10)\frame271.jpg,Apple(5-10)
Apple(5-10)\frame272.jpg,Apple(5-10)
Apple(5-10)\frame274.jpg,Apple(5-10)
Apple(5-10)\frame275 - Copy.jpg,Apple(5-10)
Apple(5-10)\frame280 (2).jpg,Apple(5-10)
Apple(5-10)\frame280 - Copy.jpg,Apple(5-10)
Apple(5-10)\frame280.jpg,Apple(5-10)
Apple(5-10)\frame284.jpg,Apple(5-10)
Apple(5-10)\frame285 - Copy.jpg,Apple(5-10)
Apple(5-10)\frame285.jpg,Apple(5-10)
Apple(5-10)\frame289.jpg,Apple(5-10)
Apple(5-10)\frame290 (2).jpg,Apple(5-10)
Apple(5-10)\frame290 - Copy.jpg,Apple(5-10)
Apple(5-10)\frame290.jpg,Apple(5-10)
Apple(5-10)\frame294.jpg,Apple(5-10)
Apple(5-10)\frame295.jpg,Apple(5-10)
Apple(5-10)\frame299.jpg,Apple(5-10)
Apple(5-10)\frame300 - Copy.jpg,Apple(5-10)
Apple(5-10)\frame300.jpg,Apple(5-10)
Apple(5-10)\frame301 - Copy.jpg,Apple(5-10)
Apple(5-10)\frame304.jpg,Apple(5-10)
Apple(5-10)\frame305 - Copy.jpg,Apple(5-10)
Apple(5-10)\frame305.jpg,Apple(5-10)
Apple(5-10)\frame310 - Copy.jpg,Apple(5-10)
Apple(5-10)\frame310.jpg,Apple(5-10)
Apple(5-10)\frame311 - Copy.jpg,Apple(5-10)
Apple(5-10)\frame314.jpg,Apple(5-10)
Apple(5-10)\frame315 - Copy.jpg,Apple(5-10)
Apple(5-10)\frame315.jpg,Apple(5-10)
Apple(5-10)\frame320 (2).jpg,Apple(5-10)
Apple(5-10)\frame320 - Copy.jpg,Apple(5-10)
Apple(5-10)\frame320.jpg,Apple(5-10)
Apple(5-10)\frame321 - Copy.jpg,Apple(5-10)
Apple(5-10)\frame324.jpg,Apple(5-10)
Apple(5-10)\frame325 - Copy.jpg,Apple(5-10)
Apple(5-10)\frame325.jpg,Apple(5-10)
Apple(5-10)\frame329.jpg,Apple(5-10)
Apple(5-10)\frame330 (2).jpg,Apple(5-10)
Apple(5-10)\frame330 - Copy.jpg,Apple(5-10)
Apple(5-10)\frame330.jpg,Apple(5-10)
Apple(5-10)\frame331 - Copy.jpg,Apple(5-10)
Apple(5-10)\frame334.jpg,Apple(5-10)
Apple(5-10)\frame335 - Copy.jpg,Apple(5-10)
Apple(5-10)\frame335.jpg,Apple(5-10)
Apple(5-10)\frame339.jpg,Apple(5-10)
Apple(5-10)\frame340 - Copy.jpg,Apple(5-10)
Apple(5-10)\frame340.jpg,Apple(5-10)
Apple(5-10)\frame341 - Copy.jpg,Apple(5-10)
Apple(5-10)\frame345 - Copy.jpg,Apple(5-10)
Apple(5-10)\frame350 - Copy.jpg,Apple(5-10)
Apple(5-10)\frame350.jpg,Apple(5-10)
Apple(5-10)\frame351 - Copy.jpg,Apple(5-10)
Apple(5-10)\frame355 - Copy.jpg,Apple(5-10)
Apple(5-10)\frame360 - Copy.jpg,Apple(5-10)
Apple(5-10)\frame360.jpg,Apple(5-10)
Apple(5-10)\frame361 - Copy.jpg,Apple(5-10)
Apple(5-10)\frame365 - Copy.jpg,Apple(5-10)
Apple(5-10)\frame370 - Copy.jpg,Apple(5-10)
Apple(5-10)\frame370.jpg,Apple(5-10)
Apple(5-10)\frame371 - Copy.jpg,Apple(5-10)
Apple(5-10)\frame371.jpg,Apple(5-10)
Apple(5-10)\frame375 - Copy.jpg,Apple(5-10)
Apple(5-10)\frame380 - Copy.jpg,Apple(5-10)
Apple(5-10)\frame380.jpg,Apple(5-10)
Apple(5-10)\frame381 - Copy.jpg,Apple(5-10)
Apple(5-10)\frame381.jpg,Apple(5-10)
Apple(5-10)\frame385 - Copy.jpg,Apple(5-10)
Apple(5-10)\frame385.jpg,Apple(5-10)
Apple(5-10)\frame386.jpg,Apple(5-10)
Apple(5-10)\frame390 - Copy.jpg,Apple(5-10)
Apple(5-10)\frame390.jpg,Apple(5-10)
Apple(5-10)\frame391 - Copy.jpg,Apple(5-10)
Apple(5-10)\frame395 - Copy.jpg,Apple(5-10)
Apple(5-10)\frame395.jpg,Apple(5-10)
Apple(5-10)\frame396.jpg,Apple(5-10)
Apple(5-10)\frame400 - Copy.jpg,Apple(5-10)
Apple(5-10)\frame405.jpg,Apple(5-10)
Apple(5-10)\frame406.jpg,Apple(5-10)
Apple(5-10)\frame410.jpg,Apple(5-10)
Apple(5-10)\frame415.jpg,Apple(5-10)
Apple(5-10)\frame416.jpg,Apple(5-10)
Apple(5-10)\frame420.jpg,Apple(5-10)
Apple(5-10)\frame425.jpg,Apple(5-10)
Apple(5-10)\frame426.jpg,Apple(5-10)
Apple(5-10)\frame430.jpg,Apple(5-10)
Apple(5-10)\frame435.jpg,Apple(5-10)
Apple(5-10)\frame436.jpg,Apple(5-10)
Apple(5-10)\frame440.jpg,Apple(5-10)
Apple(5-10)\frame445.jpg,Apple(5-10)
Apple(5-10)\frame620.jpg,Apple(5-10)
Apple(5-10)\frame630.jpg,Apple(5-10)
Apple(5-10)\frame640.jpg,Apple(5-10)
Apple(5-10)\frame650.jpg,Apple(5-10)
Apple(5-10)\frame660.jpg,Apple(5-10)
Apple(5-10)\frame670.jpg,Apple(5-10)
Apple(5-10)\frame680.jpg,Apple(5-10)
Apple(5-10)\frame690.jpg,Apple(5-10)
Apple(5-10)\frame700.jpg,Apple(5-10)
Apple(5-10)\frame710.jpg,Apple(5-10)
Apple(5-10)\frame720.jpg,Apple(5-10)
Apple(5-10)\frame730.jpg,Apple(5-10)
Apple(5-10)\frame740.jpg,Apple(5-10)
Apple(5-10)\frame750.jpg,Apple(5-10)
Apple(5-10)\frame760.jpg,Apple(5-10)
Apple(5-10)\frame770.jpg,Apple(5-10)
Apple(5-10)\frame780.jpg,Apple(5-10)
Apple(5-10)\frame790.jpg,Apple(5-10)
Apple(5-10)\frame800.jpg,Apple(5-10)
Apple(5-10)\frame810.jpg,Apple(5-10)
Apple(5-10)\frame820.jpg,Apple(5-10)
Banana(1-5)\frame1020.jpg,Banana(1-5)
Banana(1-5)\frame1030.jpg,Banana(1-5)
Banana(1-5)\frame1040.jpg,Banana(1-5)
Banana(1-5)\frame1050.jpg,Banana(1-5)
Banana(1-5)\frame1060.jpg,Banana(1-5)
Banana(1-5)\frame1070.jpg,Banana(1-5)
Banana(1-5)\frame1080.jpg,Banana(1-5)
Banana(1-5)\frame1090.jpg,Banana(1-5)
Banana(1-5)\frame1100.jpg,Banana(1-5)
Banana(1-5)\frame1110.jpg,Banana(1-5)
Banana(1-5)\frame1120.jpg,Banana(1-5)
Banana(1-5)\frame1130.jpg,Banana(1-5)
Banana(1-5)\frame2250.jpg,Banana(1-5)
Banana(1-5)\frame2260.jpg,Banana(1-5)
Banana(1-5)\frame2270.jpg,Banana(1-5)
Banana(1-5)\frame2280.jpg,Banana(1-5)
Banana(1-5)\frame2290.jpg,Banana(1-5)
Banana(1-5)\frame2300.jpg,Banana(1-5)
Banana(1-5)\frame2310.jpg,Banana(1-5)
Banana(1-5)\frame2320.jpg,Banana(1-5)
Banana(1-5)\frame2330.jpg,Banana(1-5)
Banana(1-5)\frame2340.jpg,Banana(1-5)
Banana(1-5)\frame2350.jpg,Banana(1-5)
Banana(1-5)\frame2360.jpg,Banana(1-5)
Banana(1-5)\frame2370.jpg,Banana(1-5)
Banana(1-5)\frame2380.jpg,Banana(1-5)
Banana(1-5)\frame2390.jpg,Banana(1-5)
Banana(1-5)\frame2400.jpg,Banana(1-5)
Banana(1-5)\frame2410.jpg,Banana(1-5)
Banana(1-5)\frame2420.jpg,Banana(1-5)
Banana(1-5)\frame2430.jpg,Banana(1-5)
Banana(1-5)\frame2440.jpg,Banana(1-5)
Banana(1-5)\frame2450.jpg,Banana(1-5)
Banana(1-5)\frame2460.jpg,Banana(1-5)
Banana(1-5)\frame2470.jpg,Banana(1-5)
Banana(1-5)\frame2480.jpg,Banana(1-5)
Banana(1-5)\frame2490.jpg,Banana(1-5)
Banana(1-5)\frame302.jpg,Banana(1-5)
Banana(1-5)\frame308.jpg,Banana(1-5)
Banana(1-5)\frame309.jpg,Banana(1-5)
Banana(1-5)\frame314.jpg,Banana(1-5)
Banana(1-5)\frame315.jpg,Banana(1-5)
Banana(1-5)\frame320.jpg,Banana(1-5)
Banana(1-5)\frame322.jpg,Banana(1-5)
Banana(1-5)\frame326.jpg,Banana(1-5)
Banana(1-5)\frame328.jpg,Banana(1-5)
Banana(1-5)\frame332.jpg,Banana(1-5)
Banana(1-5)\frame335.jpg,Banana(1-5)
Banana(1-5)\frame338.jpg,Banana(1-5)
Banana(1-5)\frame340.jpg,Banana(1-5)
Banana(1-5)\frame344.jpg,Banana(1-5)
Banana(1-5)\frame345.jpg,Banana(1-5)
Banana(1-5)\frame346.jpg,Banana(1-5)
Banana(1-5)\frame350.jpg,Banana(1-5)
Banana(1-5)\frame356.jpg,Banana(1-5)
Banana(1-5)\frame362.jpg,Banana(1-5)
Banana(1-5)\frame368.jpg,Banana(1-5)
Banana(1-5)\frame374.jpg,Banana(1-5)
Banana(1-5)\frame380 (2).jpg,Banana(1-5)
Banana(1-5)\frame380.jpg,Banana(1-5)
Banana(1-5)\frame386.jpg,Banana(1-5)
Banana(1-5)\frame390.jpg,Banana(1-5)
Banana(1-5)\frame400.jpg,Banana(1-5)
Banana(1-5)\frame410.jpg,Banana(1-5)
Banana(1-5)\frame420.jpg,Banana(1-5)
Banana(1-5)\frame430.jpg,Banana(1-5)
Banana(1-5)\frame440.jpg,Banana(1-5)
Banana(1-5)\frame450.jpg,Banana(1-5)
Banana(1-5)\frame460.jpg,Banana(1-5)
Banana(1-5)\frame5330.jpg,Banana(1-5)
Banana(1-5)\frame5340.jpg,Banana(1-5)
Banana(1-5)\frame5350.jpg,Banana(1-5)
Banana(1-5)\frame5360.jpg,Banana(1-5)
Banana(1-5)\frame5370.jpg,Banana(1-5)
Banana(1-5)\frame5380.jpg,Banana(1-5)
Banana(1-5)\frame5390.jpg,Banana(1-5)
Banana(1-5)\frame5400.jpg,Banana(1-5)
Banana(1-5)\frame5410.jpg,Banana(1-5)
Banana(10-15)\frame1630.jpg,Banana(10-15)
Banana(10-15)\frame1640.jpg,Banana(10-15)
Banana(10-15)\frame1650.jpg,Banana(10-15)
Banana(10-15)\frame1660.jpg,Banana(10-15)
Banana(10-15)\frame1670.jpg,Banana(10-15)
Banana(10-15)\frame1680.jpg,Banana(10-15)
Banana(10-15)\frame1690.jpg,Banana(10-15)
Banana(10-15)\frame1700.jpg,Banana(10-15)
Banana(10-15)\frame1710.jpg,Banana(10-15)
Banana(10-15)\frame1720.jpg,Banana(10-15)
Banana(10-15)\frame1730.jpg,Banana(10-15)
Banana(10-15)\frame1740.jpg,Banana(10-15)
Banana(10-15)\frame1750.jpg,Banana(10-15)
Banana(10-15)\frame1760.jpg,Banana(10-15)
Banana(10-15)\frame1770.jpg,Banana(10-15)
Banana(10-15)\frame1780.jpg,Banana(10-15)
Banana(10-15)\frame1790.jpg,Banana(10-15)
Banana(10-15)\frame1800.jpg,Banana(10-15)
Banana(10-15)\frame1810.jpg,Banana(10-15)
Banana(10-15)\frame1820.jpg,Banana(10-15)
Banana(10-15)\frame1830.jpg,Banana(10-15)
Banana(10-15)\frame1840.jpg,Banana(10-15)
Banana(10-15)\frame1850.jpg,Banana(10-15)
Banana(10-15)\frame240.jpg,Banana(10-15)
Banana(10-15)\frame250.jpg,Banana(10-15)
Banana(10-15)\frame260.jpg,Banana(10-15)
Banana(10-15)\frame2690.jpg,Banana(10-15)
Banana(10-15)\frame2700.jpg,Banana(10-15)
Banana(10-15)\frame2710.jpg,Banana(10-15)
Banana(10-15)\frame2720.jpg,Banana(10-15)
Banana(10-15)\frame2730.jpg,Banana(10-15)
Banana(10-15)\frame2750.jpg,Banana(10-15)
Banana(10-15)\frame2760.jpg,Banana(10-15)
Banana(10-15)\frame2770.jpg,Banana(10-15)
Banana(10-15)\frame2780.jpg,Banana(10-15)
Banana(10-15)\frame2790.jpg,Banana(10-15)
Banana(10-15)\frame2810.jpg,Banana(10-15)
Banana(10-15)\frame2820.jpg,Banana(10-15)
Banana(10-15)\frame2830.jpg,Banana(10-15)
Banana(10-15)\frame2840.jpg,Banana(10-15)
Banana(10-15)\frame2860.jpg,Banana(10-15)
Banana(10-15)\frame2870.jpg,Banana(10-15)
Banana(10-15)\frame2890.jpg,Banana(10-15)
Banana(10-15)\frame2930.jpg,Banana(10-15)
Banana(10-15)\frame2950.jpg,Banana(10-15)
Banana(10-15)\frame2960.jpg,Banana(10-15)
Banana(10-15)\frame2990.jpg,Banana(10-15)
Banana(10-15)\frame3010.jpg,Banana(10-15)
Banana(10-15)\frame3020.jpg,Banana(10-15)
Banana(10-15)\frame3040.jpg,Banana(10-15)
Banana(10-15)\frame3050.jpg,Banana(10-15)
Banana(10-15)\frame3070.jpg,Banana(10-15)
Banana(10-15)\frame3080.jpg,Banana(10-15)
Banana(10-15)\frame3100.jpg,Banana(10-15)
Banana(10-15)\frame3350.jpg,Banana(10-15)
Banana(10-15)\frame3370.jpg,Banana(10-15)
Banana(10-15)\frame3380.jpg,Banana(10-15)
Banana(10-15)\frame3390.jpg,Banana(10-15)
Banana(10-15)\frame3400.jpg,Banana(10-15)
Banana(10-15)\frame3410.jpg,Banana(10-15)
Banana(10-15)\frame3430.jpg,Banana(10-15)
Banana(10-15)\frame3460.jpg,Banana(10-15)
Banana(10-15)\frame38 - Copy.jpg,Banana(10-15)
Banana(10-15)\frame44 - Copy.jpg,Banana(10-15)
Banana(10-15)\frame50 - Copy.jpg,Banana(10-15)
Banana(10-15)\frame56 - Copy.jpg,Banana(10-15)
Banana(10-15)\frame62 - Copy.jpg,Banana(10-15)
Banana(10-15)\frame68 - Copy.jpg,Banana(10-15)
Banana(10-15)\frame74 - Copy.jpg,Banana(10-15)
Banana(10-15)\frame80 - Copy.jpg,Banana(10-15)
Banana(10-15)\frame900.jpg,Banana(10-15)
Banana(10-15)\frame910.jpg,Banana(10-15)
Banana(10-15)\frame920.jpg,Banana(10-15)
Banana(10-15)\frame930.jpg,Banana(10-15)
Banana(10-15)\frame940.jpg,Banana(10-15)
Banana(10-15)\frame950.jpg,Banana(10-15)
Banana(10-15)\frame960.jpg,Banana(10-15)
Banana(10-15)\frame970.jpg,Banana(10-15)
Banana(10-15)\frame980.jpg,Banana(10-15)
Banana(10-15)\frame990.jpg,Banana(10-15)
Banana(15-20)\frame0 (2).jpg,Banana(15-20)
Banana(15-20)\frame0.jpg,Banana(15-20)
Banana(15-20)\frame1 (2).jpg,Banana(15-20)
Banana(15-20)\frame1.jpg,Banana(15-20)
Banana(15-20)\frame10 (2).jpg,Banana(15-20)
Banana(15-20)\frame10.jpg,Banana(15-20)
Banana(15-20)\frame100.jpg,Banana(15-20)
Banana(15-20)\frame1000.jpg,Banana(15-20)
Banana(15-20)\frame1010 (2).jpg,Banana(15-20)
Banana(15-20)\frame1010.jpg,Banana(15-20)
Banana(15-20)\frame1020.jpg,Banana(15-20)
Banana(15-20)\frame1030 (2).jpg,Banana(15-20)
Banana(15-20)\frame1030.jpg,Banana(15-20)
Banana(15-20)\frame1040.jpg,Banana(15-20)
Banana(15-20)\frame1050.jpg,Banana(15-20)
Banana(15-20)\frame1060 (2).jpg,Banana(15-20)
Banana(15-20)\frame1060.jpg,Banana(15-20)
Banana(15-20)\frame1070 (2).jpg,Banana(15-20)
Banana(15-20)\frame1070.jpg,Banana(15-20)
Banana(15-20)\frame1080.jpg,Banana(15-20)
Banana(15-20)\frame1090.jpg,Banana(15-20)
Banana(15-20)\frame11 (2).jpg,Banana(15-20)
Banana(15-20)\frame11.jpg,Banana(15-20)
Banana(15-20)\frame110.jpg,Banana(15-20)
Banana(15-20)\frame1100 (2).jpg,Banana(15-20)
Banana(15-20)\frame1100.jpg,Banana(15-20)
Banana(15-20)\frame1110.jpg,Banana(15-20)
Banana(15-20)\frame1120 (2).jpg,Banana(15-20)
Banana(15-20)\frame1120.jpg,Banana(15-20)
Banana(15-20)\frame1130 (2).jpg,Banana(15-20)
Banana(15-20)\frame1130.jpg,Banana(15-20)
Banana(15-20)\frame1140.jpg,Banana(15-20)
Banana(15-20)\frame1170.jpg,Banana(15-20)
Banana(15-20)\frame1180.jpg,Banana(15-20)
Banana(15-20)\frame1190.jpg,Banana(15-20)
Banana(15-20)\frame12 (2).jpg,Banana(15-20)
Banana(15-20)\frame12.jpg,Banana(15-20)
Banana(15-20)\frame120.jpg,Banana(15-20)
Banana(15-20)\frame1230.jpg,Banana(15-20)
Banana(15-20)\frame1250.jpg,Banana(15-20)
Banana(15-20)\frame13.jpg,Banana(15-20)
Banana(15-20)\frame130.jpg,Banana(15-20)
Banana(15-20)\frame1300.jpg,Banana(15-20)
Banana(15-20)\frame14.jpg,Banana(15-20)
Banana(15-20)\frame140.jpg,Banana(15-20)
Banana(15-20)\frame15.jpg,Banana(15-20)
Banana(15-20)\frame150.jpg,Banana(15-20)
Banana(15-20)\frame16.jpg,Banana(15-20)
Banana(15-20)\frame160.jpg,Banana(15-20)
Banana(15-20)\frame17.jpg,Banana(15-20)
Banana(15-20)\frame170.jpg,Banana(15-20)
Banana(15-20)\frame18.jpg,Banana(15-20)
Banana(15-20)\frame180.jpg,Banana(15-20)
Banana(15-20)\frame19.jpg,Banana(15-20)
Banana(15-20)\frame190.jpg,Banana(15-20)
Banana(15-20)\frame2 (2).jpg,Banana(15-20)
Banana(15-20)\frame2.jpg,Banana(15-20)
Banana(15-20)\frame20.jpg,Banana(15-20)
Banana(15-20)\frame200.jpg,Banana(15-20)
Banana(15-20)\frame210.jpg,Banana(15-20)
Banana(15-20)\frame220.jpg,Banana(15-20)
Banana(15-20)\frame230.jpg,Banana(15-20)
Banana(15-20)\frame240.jpg,Banana(15-20)
Banana(15-20)\frame250.jpg,Banana(15-20)
Banana(15-20)\frame260.jpg,Banana(15-20)
Banana(15-20)\frame270.jpg,Banana(15-20)
Banana(15-20)\frame280.jpg,Banana(15-20)
Banana(15-20)\frame290.jpg,Banana(15-20)
Banana(15-20)\frame3 (2).jpg,Banana(15-20)
Banana(15-20)\frame3.jpg,Banana(15-20)
Banana(15-20)\frame30.jpg,Banana(15-20)
Banana(15-20)\frame300.jpg,Banana(15-20)
Banana(15-20)\frame310.jpg,Banana(15-20)
Banana(15-20)\frame320.jpg,Banana(15-20)
Banana(15-20)\frame330.jpg,Banana(15-20)
Banana(15-20)\frame340.jpg,Banana(15-20)
Banana(15-20)\frame350.jpg,Banana(15-20)
Banana(15-20)\frame360.jpg,Banana(15-20)
Banana(15-20)\frame370.jpg,Banana(15-20)
Banana(15-20)\frame380.jpg,Banana(15-20)
Banana(15-20)\frame390.jpg,Banana(15-20)
Banana(15-20)\frame4 (2).jpg,Banana(15-20)
Banana(15-20)\frame4.jpg,Banana(15-20)
Banana(15-20)\frame40.jpg,Banana(15-20)
Banana(15-20)\frame400.jpg,Banana(15-20)
Banana(15-20)\frame410.jpg,Banana(15-20)
Banana(15-20)\frame420.jpg,Banana(15-20)
Banana(15-20)\frame430.jpg,Banana(15-20)
Banana(15-20)\frame440.jpg,Banana(15-20)
Banana(15-20)\frame450.jpg,Banana(15-20)
Banana(15-20)\frame460.jpg,Banana(15-20)
Banana(15-20)\frame470.jpg,Banana(15-20)
Banana(15-20)\frame480.jpg,Banana(15-20)
Banana(15-20)\frame490.jpg,Banana(15-20)
Banana(15-20)\frame5 (2).jpg,Banana(15-20)
Banana(15-20)\frame5.jpg,Banana(15-20)
Banana(15-20)\frame50.jpg,Banana(15-20)
Banana(15-20)\frame500.jpg,Banana(15-20)
Banana(15-20)\frame510.jpg,Banana(15-20)
Banana(15-20)\frame520.jpg,Banana(15-20)
Banana(15-20)\frame530.jpg,Banana(15-20)
Banana(15-20)\frame540.jpg,Banana(15-20)
Banana(15-20)\frame550 (2).jpg,Banana(15-20)
Banana(15-20)\frame550.jpg,Banana(15-20)
Banana(15-20)\frame560 (2).jpg,Banana(15-20)
Banana(15-20)\frame560.jpg,Banana(15-20)
Banana(15-20)\frame570 (2).jpg,Banana(15-20)
Banana(15-20)\frame570.jpg,Banana(15-20)
Banana(15-20)\frame580 (2).jpg,Banana(15-20)
Banana(15-20)\frame580.jpg,Banana(15-20)
Banana(15-20)\frame590 (2).jpg,Banana(15-20)
Banana(15-20)\frame590.jpg,Banana(15-20)
Banana(15-20)\frame6 (2).jpg,Banana(15-20)
Banana(15-20)\frame6.jpg,Banana(15-20)
Banana(15-20)\frame60.jpg,Banana(15-20)
Banana(15-20)\frame600 (2).jpg,Banana(15-20)
Banana(15-20)\frame600.jpg,Banana(15-20)
Banana(15-20)\frame610 (2).jpg,Banana(15-20)
Banana(15-20)\frame610.jpg,Banana(15-20)
Banana(15-20)\frame620 (2).jpg,Banana(15-20)
Banana(15-20)\frame620.jpg,Banana(15-20)
Banana(15-20)\frame630 (2).jpg,Banana(15-20)
Banana(15-20)\frame630.jpg,Banana(15-20)
Banana(15-20)\frame640 (2).jpg,Banana(15-20)
Banana(15-20)\frame640.jpg,Banana(15-20)
Banana(15-20)\frame650 (2).jpg,Banana(15-20)
Banana(15-20)\frame650.jpg,Banana(15-20)
Banana(15-20)\frame660 (2).jpg,Banana(15-20)
Banana(15-20)\frame660.jpg,Banana(15-20)
Banana(15-20)\frame670 (2).jpg,Banana(15-20)
Banana(15-20)\frame670.jpg,Banana(15-20)
Banana(15-20)\frame680 (2).jpg,Banana(15-20)
Banana(15-20)\frame680.jpg,Banana(15-20)
Banana(15-20)\frame690 (2).jpg,Banana(15-20)
Banana(15-20)\frame690.jpg,Banana(15-20)
Banana(15-20)\frame7 (2).jpg,Banana(15-20)
Banana(15-20)\frame7.jpg,Banana(15-20)
Banana(15-20)\frame70.jpg,Banana(15-20)
Banana(15-20)\frame700 (2).jpg,Banana(15-20)
Banana(15-20)\frame700.jpg,Banana(15-20)
Banana(15-20)\frame710 (2).jpg,Banana(15-20)
Banana(15-20)\frame710.jpg,Banana(15-20)
Banana(15-20)\frame720.jpg,Banana(15-20)
Banana(15-20)\frame730.jpg,Banana(15-20)
Banana(15-20)\frame740.jpg,Banana(15-20)
Banana(15-20)\frame750.jpg,Banana(15-20)
Banana(15-20)\frame760.jpg,Banana(15-20)
Banana(15-20)\frame770.jpg,Banana(15-20)
Banana(15-20)\frame780.jpg,Banana(15-20)
Banana(15-20)\frame790.jpg,Banana(15-20)
Banana(15-20)\frame8 (2).jpg,Banana(15-20)
Banana(15-20)\frame8.jpg,Banana(15-20)
Banana(15-20)\frame80.jpg,Banana(15-20)
Banana(15-20)\frame800.jpg,Banana(15-20)
Banana(15-20)\frame810.jpg,Banana(15-20)
Banana(15-20)\frame820.jpg,Banana(15-20)
Banana(15-20)\frame830.jpg,Banana(15-20)
Banana(15-20)\frame840.jpg,Banana(15-20)
Banana(15-20)\frame850.jpg,Banana(15-20)
Banana(15-20)\frame860.jpg,Banana(15-20)
Banana(15-20)\frame870.jpg,Banana(15-20)
Banana(15-20)\frame880.jpg,Banana(15-20)
Banana(15-20)\frame890 (2).jpg,Banana(15-20)
Banana(15-20)\frame890.jpg,Banana(15-20)
Banana(15-20)\frame9 (2).jpg,Banana(15-20)
Banana(15-20)\frame9.jpg,Banana(15-20)
Banana(15-20)\frame90.jpg,Banana(15-20)
Banana(15-20)\frame900.jpg,Banana(15-20)
Banana(15-20)\frame910.jpg,Banana(15-20)
Banana(15-20)\frame920.jpg,Banana(15-20)
Banana(15-20)\frame930.jpg,Banana(15-20)
Banana(15-20)\frame940 (2).jpg,Banana(15-20)
Banana(15-20)\frame940.jpg,Banana(15-20)
Banana(15-20)\frame950 (2).jpg,Banana(15-20)
Banana(15-20)\frame950.jpg,Banana(15-20)
Banana(15-20)\frame960 (2).jpg,Banana(15-20)
Banana(15-20)\frame960.jpg,Banana(15-20)
Banana(15-20)\frame970.jpg,Banana(15-20)
Banana(15-20)\frame980.jpg,Banana(15-20)
Banana(15-20)\frame990.jpg,Banana(15-20)
Banana(5-10)\frame1000.jpg,Banana(5-10)
Banana(5-10)\frame1010.jpg,Banana(5-10)
Banana(5-10)\frame1020.jpg,Banana(5-10)
Banana(5-10)\frame1030.jpg,Banana(5-10)
Banana(5-10)\frame1040.jpg,Banana(5-10)
Banana(5-10)\frame1880.jpg,Banana(5-10)
Banana(5-10)\frame1890.jpg,Banana(5-10)
Banana(5-10)\frame1900.jpg,Banana(5-10)
Banana(5-10)\frame1910.jpg,Banana(5-10)
Banana(5-10)\frame1920.jpg,Banana(5-10)
Banana(5-10)\frame1930.jpg,Banana(5-10)
Banana(5-10)\frame1940.jpg,Banana(5-10)
Banana(5-10)\frame1950.jpg,Banana(5-10)
Banana(5-10)\frame1960.jpg,Banana(5-10)
Banana(5-10)\frame1970.jpg,Banana(5-10)
Banana(5-10)\frame1980.jpg,Banana(5-10)
Banana(5-10)\frame1990.jpg,Banana(5-10)
Banana(5-10)\frame2000.jpg,Banana(5-10)
Banana(5-10)\frame2010.jpg,Banana(5-10)
Banana(5-10)\frame2020.jpg,Banana(5-10)
Banana(5-10)\frame2030.jpg,Banana(5-10)
Banana(5-10)\frame2040.jpg,Banana(5-10)
Banana(5-10)\frame2050.jpg,Banana(5-10)
Banana(5-10)\frame2060.jpg,Banana(5-10)
Banana(5-10)\frame2070.jpg,Banana(5-10)
Banana(5-10)\frame2080.jpg,Banana(5-10)
Banana(5-10)\frame2090.jpg,Banana(5-10)
Banana(5-10)\frame2100.jpg,Banana(5-10)
Banana(5-10)\frame2110.jpg,Banana(5-10)
Banana(5-10)\frame2120.jpg,Banana(5-10)
Banana(5-10)\frame2130.jpg,Banana(5-10)
Banana(5-10)\frame2140.jpg,Banana(5-10)
Banana(5-10)\frame2150.jpg,Banana(5-10)
Banana(5-10)\frame2160.jpg,Banana(5-10)
Banana(5-10)\frame2170.jpg,Banana(5-10)
Banana(5-10)\frame2180.jpg,Banana(5-10)
Banana(5-10)\frame2190.jpg,Banana(5-10)
Banana(5-10)\frame2200.jpg,Banana(5-10)
Banana(5-10)\frame2210.jpg,Banana(5-10)
Banana(5-10)\frame2220.jpg,Banana(5-10)
Banana(5-10)\frame2230.jpg,Banana(5-10)
Banana(5-10)\frame2240.jpg,Banana(5-10)
Banana(5-10)\frame2250 (2).jpg,Banana(5-10)
Banana(5-10)\frame2250.jpg,Banana(5-10)
Banana(5-10)\frame2260 (2).jpg,Banana(5-10)
Banana(5-10)\frame2260.jpg,Banana(5-10)
Banana(5-10)\frame2270 (2).jpg,Banana(5-10)
Banana(5-10)\frame2270.jpg,Banana(5-10)
Banana(5-10)\frame2280.jpg,Banana(5-10)
Banana(5-10)\frame2290.jpg,Banana(5-10)
Banana(5-10)\frame2300.jpg,Banana(5-10)
Banana(5-10)\frame2310.jpg,Banana(5-10)
Banana(5-10)\frame2320.jpg,Banana(5-10)
Banana(5-10)\frame2330.jpg,Banana(5-10)
Banana(5-10)\frame2340.jpg,Banana(5-10)
Banana(5-10)\frame260.jpg,Banana(5-10)
Banana(5-10)\frame270.jpg,Banana(5-10)
Banana(5-10)\frame278.jpg,Banana(5-10)
Banana(5-10)\frame279.jpg,Banana(5-10)
Banana(5-10)\frame280 (2).jpg,Banana(5-10)
Banana(5-10)\frame280.jpg,Banana(5-10)
Banana(5-10)\frame284.jpg,Banana(5-10)
Banana(5-10)\frame285.jpg,Banana(5-10)
Banana(5-10)\frame286.jpg,Banana(5-10)
Banana(5-10)\frame290.jpg,Banana(5-10)
Banana(5-10)\frame300.jpg,Banana(5-10)
Banana(5-10)\frame310.jpg,Banana(5-10)
Banana(5-10)\frame320.jpg,Banana(5-10)
Banana(5-10)\frame330.jpg,Banana(5-10)
Banana(5-10)\frame340.jpg,Banana(5-10)
Banana(5-10)\frame350.jpg,Banana(5-10)
Banana(5-10)\frame4550.jpg,Banana(5-10)
Banana(5-10)\frame4580.jpg,Banana(5-10)
Banana(5-10)\frame4600.jpg,Banana(5-10)
Banana(5-10)\frame4610.jpg,Banana(5-10)
Banana(5-10)\frame4640.jpg,Banana(5-10)
Banana(5-10)\frame4660.jpg,Banana(5-10)
Banana(5-10)\frame4670.jpg,Banana(5-10)
Banana(5-10)\frame4700.jpg,Banana(5-10)
Banana(5-10)\frame4720.jpg,Banana(5-10)
Banana(5-10)\frame4730.jpg,Banana(5-10)
Banana(5-10)\frame4760.jpg,Banana(5-10)
Banana(5-10)\frame4780.jpg,Banana(5-10)
Banana(5-10)\frame4790.jpg,Banana(5-10)
Banana(5-10)\frame4820.jpg,Banana(5-10)
Banana(5-10)\frame4840.jpg,Banana(5-10)
Banana(5-10)\frame4850.jpg,Banana(5-10)
Banana(5-10)\frame4880.jpg,Banana(5-10)
Banana(5-10)\frame4900.jpg,Banana(5-10)
Banana(5-10)\frame4910.jpg,Banana(5-10)
Banana(5-10)\frame4940.jpg,Banana(5-10)
Banana(5-10)\frame4960.jpg,Banana(5-10)
Banana(5-10)\frame4970.jpg,Banana(5-10)
Banana(5-10)\frame5020.jpg,Banana(5-10)
Banana(5-10)\frame5030.jpg,Banana(5-10)
Banana(5-10)\frame5080.jpg,Banana(5-10)
Banana(5-10)\frame5090.jpg,Banana(5-10)
Banana(5-10)\frame5140.jpg,Banana(5-10)
Banana(5-10)\frame5150.jpg,Banana(5-10)
Banana(5-10)\frame5210.jpg,Banana(5-10)
Banana(5-10)\frame5230.jpg,Banana(5-10)
Banana(5-10)\frame5240.jpg,Banana(5-10)
Banana(5-10)\frame5260.jpg,Banana(5-10)
Banana(5-10)\frame5270.jpg,Banana(5-10)
Banana(5-10)\frame5290.jpg,Banana(5-10)
Banana(5-10)\frame5320.jpg,Banana(5-10)
Banana(5-10)\frame5330.jpg,Banana(5-10)
Banana(5-10)\frame960.jpg,Banana(5-10)
Banana(5-10)\frame970.jpg,Banana(5-10)
Banana(5-10)\frame980.jpg,Banana(5-10)
Banana(5-10)\frame990.jpg,Banana(5-10)
Carrot(1-2)\frame1000.jpg,Carrot(1-2)
Carrot(1-2)\frame1010.jpg,Carrot(1-2)
Carrot(1-2)\frame1020.jpg,Carrot(1-2)
Carrot(1-2)\frame1030.jpg,Carrot(1-2)
Carrot(1-2)\frame1040.jpg,Carrot(1-2)
Carrot(1-2)\frame160.jpg,Carrot(1-2)
Carrot(1-2)\frame170.jpg,Carrot(1-2)
Carrot(1-2)\frame180.jpg,Carrot(1-2)
Carrot(1-2)\frame190.jpg,Carrot(1-2)
Carrot(1-2)\frame200.jpg,Carrot(1-2)
Carrot(1-2)\frame210 (2).jpg,Carrot(1-2)
Carrot(1-2)\frame210.jpg,Carrot(1-2)
Carrot(1-2)\frame220 (2).jpg,Carrot(1-2)
Carrot(1-2)\frame220.jpg,Carrot(1-2)
Carrot(1-2)\frame230 (2).jpg,Carrot(1-2)
Carrot(1-2)\frame230.jpg,Carrot(1-2)
Carrot(1-2)\frame240 (2).jpg,Carrot(1-2)
Carrot(1-2)\frame240.jpg,Carrot(1-2)
Carrot(1-2)\frame250.jpg,Carrot(1-2)
Carrot(1-2)\frame260.jpg,Carrot(1-2)
Carrot(1-2)\frame270.jpg,Carrot(1-2)
Carrot(1-2)\frame280.jpg,Carrot(1-2)
Carrot(1-2)\frame290.jpg,Carrot(1-2)
Carrot(1-2)\frame300.jpg,Carrot(1-2)
Carrot(1-2)\frame310 (2).jpg,Carrot(1-2)
Carrot(1-2)\frame310.jpg,Carrot(1-2)
Carrot(1-2)\frame320 (2).jpg,Carrot(1-2)
Carrot(1-2)\frame320.jpg,Carrot(1-2)
Carrot(1-2)\frame330 (2).jpg,Carrot(1-2)
Carrot(1-2)\frame330.jpg,Carrot(1-2)
Carrot(1-2)\frame340 (2).jpg,Carrot(1-2)
Carrot(1-2)\frame340.jpg,Carrot(1-2)
Carrot(1-2)\frame350 (2).jpg,Carrot(1-2)
Carrot(1-2)\frame350.jpg,Carrot(1-2)
Carrot(1-2)\frame360 (2).jpg,Carrot(1-2)
Carrot(1-2)\frame360.jpg,Carrot(1-2)
Carrot(1-2)\frame370 (2).jpg,Carrot(1-2)
Carrot(1-2)\frame370.jpg,Carrot(1-2)
Carrot(1-2)\frame380 (2).jpg,Carrot(1-2)
Carrot(1-2)\frame380.jpg,Carrot(1-2)
Carrot(1-2)\frame390 (2).jpg,Carrot(1-2)
Carrot(1-2)\frame390.jpg,Carrot(1-2)
Carrot(1-2)\frame400 (2).jpg,Carrot(1-2)
Carrot(1-2)\frame400.jpg,Carrot(1-2)
Carrot(1-2)\frame410 (2).jpg,Carrot(1-2)
Carrot(1-2)\frame410.jpg,Carrot(1-2)
Carrot(1-2)\frame420 (2).jpg,Carrot(1-2)
Carrot(1-2)\frame420.jpg,Carrot(1-2)
Carrot(1-2)\frame430 (2).jpg,Carrot(1-2)
Carrot(1-2)\frame430.jpg,Carrot(1-2)
Carrot(1-2)\frame440 (2).jpg,Carrot(1-2)
Carrot(1-2)\frame440.jpg,Carrot(1-2)
Carrot(1-2)\frame450 (2).jpg,Carrot(1-2)
Carrot(1-2)\frame450.jpg,Carrot(1-2)
Carrot(1-2)\frame460 (2).jpg,Carrot(1-2)
Carrot(1-2)\frame460.jpg,Carrot(1-2)
Carrot(1-2)\frame470 (2).jpg,Carrot(1-2)
Carrot(1-2)\frame470.jpg,Carrot(1-2)
Carrot(1-2)\frame480 (2).jpg,Carrot(1-2)
Carrot(1-2)\frame480.jpg,Carrot(1-2)
Carrot(1-2)\frame490 (2).jpg,Carrot(1-2)
Carrot(1-2)\frame490.jpg,Carrot(1-2)
Carrot(1-2)\frame500 (2).jpg,Carrot(1-2)
Carrot(1-2)\frame500.jpg,Carrot(1-2)
Carrot(1-2)\frame510 (2).jpg,Carrot(1-2)
Carrot(1-2)\frame510.jpg,Carrot(1-2)
Carrot(1-2)\frame520.jpg,Carrot(1-2)
Carrot(1-2)\frame530.jpg,Carrot(1-2)
Carrot(1-2)\frame540.jpg,Carrot(1-2)
Carrot(1-2)\frame550.jpg,Carrot(1-2)
Carrot(1-2)\frame920.jpg,Carrot(1-2)
Carrot(1-2)\frame930.jpg,Carrot(1-2)
Carrot(1-2)\frame940.jpg,Carrot(1-2)
Carrot(1-2)\frame950.jpg,Carrot(1-2)
Carrot(1-2)\frame960.jpg,Carrot(1-2)
Carrot(1-2)\frame970.jpg,Carrot(1-2)
Carrot(1-2)\frame980.jpg,Carrot(1-2)
Carrot(1-2)\frame990.jpg,Carrot(1-2)
Carrot(3-4)\frame110.jpg,Carrot(3-4)
Carrot(3-4)\frame120.jpg,Carrot(3-4)
Carrot(3-4)\frame130 (2).jpg,Carrot(3-4)
Carrot(3-4)\frame130.jpg,Carrot(3-4)
Carrot(3-4)\frame140 (2).jpg,Carrot(3-4)
Carrot(3-4)\frame140.jpg,Carrot(3-4)
Carrot(3-4)\frame150 (2).jpg,Carrot(3-4)
Carrot(3-4)\frame150 (3).jpg,Carrot(3-4)
Carrot(3-4)\frame150.jpg,Carrot(3-4)
Carrot(3-4)\frame160 (2).jpg,Carrot(3-4)
Carrot(3-4)\frame160.jpg,Carrot(3-4)
Carrot(3-4)\frame170 (2).jpg,Carrot(3-4)
Carrot(3-4)\frame170.jpg,Carrot(3-4)
Carrot(3-4)\frame180 (2).jpg,Carrot(3-4)
Carrot(3-4)\frame180.jpg,Carrot(3-4)
Carrot(3-4)\frame190 (2).jpg,Carrot(3-4)
Carrot(3-4)\frame190.jpg,Carrot(3-4)
Carrot(3-4)\frame200 (2).jpg,Carrot(3-4)
Carrot(3-4)\frame200.jpg,Carrot(3-4)
Carrot(3-4)\frame210.jpg,Carrot(3-4)
Carrot(3-4)\frame220.jpg,Carrot(3-4)
Carrot(3-4)\frame230.jpg,Carrot(3-4)
Carrot(3-4)\frame240.jpg,Carrot(3-4)
Carrot(3-4)\frame250.jpg,Carrot(3-4)
Carrot(3-4)\frame260.jpg,Carrot(3-4)
Carrot(3-4)\frame270.jpg,Carrot(3-4)
Carrot(3-4)\frame280.jpg,Carrot(3-4)
Carrot(3-4)\frame290.jpg,Carrot(3-4)
Carrot(3-4)\frame300.jpg,Carrot(3-4)
Carrot(3-4)\frame570.jpg,Carrot(3-4)
Carrot(3-4)\frame580.jpg,Carrot(3-4)
Carrot(3-4)\frame590.jpg,Carrot(3-4)
Carrot(3-4)\frame600.jpg,Carrot(3-4)
Carrot(3-4)\frame610.jpg,Carrot(3-4)
Carrot(3-4)\frame620.jpg,Carrot(3-4)
carrot(5-6)\frame0.jpg,carrot(5-6)
carrot(5-6)\frame10.jpg,carrot(5-6)
carrot(5-6)\frame100 (2).jpg,carrot(5-6)
carrot(5-6)\frame100.jpg,carrot(5-6)
carrot(5-6)\frame110.jpg,carrot(5-6)
carrot(5-6)\frame120.jpg,carrot(5-6)
carrot(5-6)\frame130.jpg,carrot(5-6)
carrot(5-6)\frame140.jpg,carrot(5-6)
carrot(5-6)\frame20.jpg,carrot(5-6)
carrot(5-6)\frame30.jpg,carrot(5-6)
carrot(5-6)\frame40.jpg,carrot(5-6)
carrot(5-6)\frame50.jpg,carrot(5-6)
carrot(5-6)\frame560.jpg,carrot(5-6)
carrot(5-6)\frame570.jpg,carrot(5-6)
carrot(5-6)\frame580.jpg,carrot(5-6)
carrot(5-6)\frame60.jpg,carrot(5-6)
carrot(5-6)\frame90.jpg,carrot(5-6)
Expired\frame1000 (2).jpg,Expired
Expired\frame1000.jpg,Expired
Expired\frame1010.jpg,Expired
Expired\frame1011.jpg,Expired
Expired\frame1020.jpg,Expired
Expired\frame1028.jpg,Expired
Expired\frame1030.jpg,Expired
Expired\frame1045.jpg,Expired
Expired\frame1060.jpg,Expired
Expired\frame1062.jpg,Expired
Expired\frame1079.jpg,Expired
Expired\frame1080.jpg,Expired
Expired\frame1090 (2).jpg,Expired
Expired\frame1090.jpg,Expired
Expired\frame1096.jpg,Expired
Expired\frame1113.jpg,Expired
Expired\frame1120.jpg,Expired
Expired\frame1130.jpg,Expired
Expired\frame1140 (2).jpg,Expired
Expired\frame1140.jpg,Expired
Expired\frame1147.jpg,Expired
Expired\frame1150.jpg,Expired
Expired\frame1160.jpg,Expired
Expired\frame1164.jpg,Expired
Expired\frame1180.jpg,Expired
Expired\frame1181.jpg,Expired
Expired\frame1190.jpg,Expired
Expired\frame1198.jpg,Expired
Expired\frame1200.jpg,Expired
Expired\frame1210.jpg,Expired
Expired\frame1215.jpg,Expired
Expired\frame1220 (2).jpg,Expired
Expired\frame1220.jpg,Expired
Expired\frame1230 (2).jpg,Expired
Expired\frame1230.jpg,Expired
Expired\frame1232.jpg,Expired
Expired\frame1240 (2).jpg,Expired
Expired\frame1240 (3).jpg,Expired
Expired\frame1240.jpg,Expired
Expired\frame1250 (2).jpg,Expired
Expired\frame1250.jpg,Expired
Expired\frame1260 (2).jpg,Expired
Expired\frame1260.jpg,Expired
Expired\frame1266.jpg,Expired
Expired\frame1270 (2).jpg,Expired
Expired\frame1270.jpg,Expired
Expired\frame1280 (2).jpg,Expired
Expired\frame1280.jpg,Expired
Expired\frame1283.jpg,Expired
Expired\frame1290.jpg,Expired
Expired\frame1300 (2).jpg,Expired
Expired\frame1300 (3).jpg,Expired
Expired\frame1300.jpg,Expired
Expired\frame13000.jpg,Expired
Expired\frame1310.jpg,Expired
Expired\frame1317.jpg,Expired
Expired\frame1330.jpg,Expired
Expired\frame13500.jpg,Expired
Expired\frame1360.jpg,Expired
Expired\frame1370.jpg,Expired
Expired\frame1372.jpg,Expired
Expired\frame1390.jpg,Expired
Expired\frame1392.jpg,Expired
Expired\frame1400.jpg,Expired
Expired\frame1412.jpg,Expired
Expired\frame1420 (2).jpg,Expired
Expired\frame1420.jpg,Expired
Expired\frame1432.jpg,Expired
Expired\frame1450 (2).jpg,Expired
Expired\frame1450.jpg,Expired
Expired\frame14500.jpg,Expired
Expired\frame1452.jpg,Expired
Expired\frame1454.jpg,Expired
Expired\frame1460.jpg,Expired
Expired\frame1470.jpg,Expired
Expired\frame1472.jpg,Expired
Expired\frame1474.jpg,Expired
Expired\frame1480 (2).jpg,Expired
Expired\frame1480.jpg,Expired
Expired\frame1492.jpg,Expired
Expired\frame1494.jpg,Expired
Expired\frame1500.jpg,Expired
Expired\frame1510 (2).jpg,Expired
Expired\frame1510.jpg,Expired
Expired\frame1512.jpg,Expired
Expired\frame1532.jpg,Expired
Expired\frame1540 (2).jpg,Expired
Expired\frame1540.jpg,Expired
Expired\frame1550.jpg,Expired
Expired\frame1552.jpg,Expired
Expired\frame1554.jpg,Expired
Expired\frame1570 (2).jpg,Expired
Expired\frame1570.jpg,Expired
Expired\frame1572.jpg,Expired
Expired\frame1580.jpg,Expired
Expired\frame1590.jpg,Expired
Expired\frame1592.jpg,Expired
Expired\frame1594.jpg,Expired
Expired\frame1600 (2).jpg,Expired
Expired\frame1600.jpg,Expired
Expired\frame1610.jpg,Expired
Expired\frame1612.jpg,Expired
Expired\frame1620.jpg,Expired
Expired\frame1630.jpg,Expired
Expired\frame1640 (2).jpg,Expired
Expired\frame1640.jpg,Expired
Expired\frame1650 (2).jpg,Expired
Expired\frame1650.jpg,Expired
Expired\frame1660 (2).jpg,Expired
Expired\frame1660.jpg,Expired
Expired\frame1670.jpg,Expired
Expired\frame1680.jpg,Expired
Expired\frame1690.jpg,Expired
Expired\frame1694.jpg,Expired
Expired\frame1715.jpg,Expired
Expired\frame1720.jpg,Expired
Expired\frame1730.jpg,Expired
Expired\frame1735.jpg,Expired
Expired\frame1740.jpg,Expired
Expired\frame1750.jpg,Expired
Expired\frame1756.jpg,Expired
Expired\frame1759.jpg,Expired
Expired\frame1779.jpg,Expired
Expired\frame1780.jpg,Expired
Expired\frame1781.jpg,Expired
Expired\frame1790.jpg,Expired
Expired\frame1803.jpg,Expired
Expired\frame1804.jpg,Expired
Expired\frame1805.jpg,Expired
Expired\frame1820.jpg,Expired
Expired\frame1917.jpg,Expired
Expired\frame1918.jpg,Expired
Expired\frame1930.jpg,Expired
Expired\frame1938.jpg,Expired
Expired\frame1958.jpg,Expired
Expired\frame1960.jpg,Expired
Expired\frame1972.jpg,Expired
Expired\frame1993.jpg,Expired
Expired\frame1994.jpg,Expired
Expired\frame2070.jpg,Expired
Expired\frame2075.jpg,Expired
Expired\frame2093.jpg,Expired
Expired\frame2100.jpg,Expired
Expired\frame2134.jpg,Expired
Expired\frame2154.jpg,Expired
Expired\frame2155.jpg,Expired
Expired\frame2160.jpg,Expired
Expired\frame2170.jpg,Expired
Expired\frame2176.jpg,Expired
Expired\frame2180.jpg,Expired
Expired\frame2197.jpg,Expired
Expired\frame2210.jpg,Expired
Expired\frame2240.jpg,Expired
Expired\frame2270.jpg,Expired
Expired\frame2280.jpg,Expired
Expired\frame2290.jpg,Expired
Expired\frame2300.jpg,Expired
Expired\frame2310.jpg,Expired
Expired\frame2320.jpg,Expired
Expired\frame2340.jpg,Expired
Expired\frame2350 (2).jpg,Expired
Expired\frame2350.jpg,Expired
Expired\frame2360.jpg,Expired
Expired\frame2370.jpg,Expired
Expired\frame2380 (2).jpg,Expired
Expired\frame2380.jpg,Expired
Expired\frame2390.jpg,Expired
Expired\frame2400.jpg,Expired
Expired\frame2410 (2).jpg,Expired
Expired\frame2410.jpg,Expired
Expired\frame2420 (2).jpg,Expired
Expired\frame2420.jpg,Expired
Expired\frame2430.jpg,Expired
Expired\frame2440 (2).jpg,Expired
Expired\frame2440.jpg,Expired
Expired\frame2450 (2).jpg,Expired
Expired\frame2450.jpg,Expired
Expired\frame2460.jpg,Expired
Expired\frame2470.jpg,Expired
Expired\frame2480.jpg,Expired
Expired\frame2490 (2).jpg,Expired
Expired\frame2490.jpg,Expired
Expired\frame2500 (2).jpg,Expired
Expired\frame2500.jpg,Expired
Expired\frame2510.jpg,Expired
Expired\frame2520 (2).jpg,Expired
Expired\frame2520.jpg,Expired
Expired\frame2530.jpg,Expired
Expired\frame2540.jpg,Expired
Expired\frame2550.jpg,Expired
Expired\frame2560 (2).jpg,Expired
Expired\frame2560.jpg,Expired
Expired\frame2570 (2).jpg,Expired
Expired\frame2570.jpg,Expired
Expired\frame2580 (2).jpg,Expired
Expired\frame2580 (3).jpg,Expired
Expired\frame2580.jpg,Expired
Expired\frame2590 (2).jpg,Expired
Expired\frame2590 (3).jpg,Expired
Expired\frame2590.jpg,Expired
Expired\frame2593.jpg,Expired
Expired\frame2594.jpg,Expired
Expired\frame2596.jpg,Expired
Expired\frame260.jpg,Expired
Expired\frame2613.jpg,Expired
Expired\frame2614.jpg,Expired
Expired\frame2630.jpg,Expired
Expired\frame2634.jpg,Expired
Expired\frame2635.jpg,Expired
Expired\frame2720.jpg,Expired
Expired\frame2730.jpg,Expired
Expired\frame2770.jpg,Expired
Expired\frame2774.jpg,Expired
Expired\frame2775.jpg,Expired
Expired\frame2795.jpg,Expired
Expired\frame280.jpg,Expired
Expired\frame2815.jpg,Expired
Expired\frame2835.jpg,Expired
Expired\frame2855.jpg,Expired
Expired\frame2860.jpg,Expired
Expired\frame2870.jpg,Expired
Expired\frame2880.jpg,Expired
Expired\frame2890.jpg,Expired
Expired\frame290.jpg,Expired
Expired\frame2910.jpg,Expired
Expired\frame2974.jpg,Expired
Expired\frame2995.jpg,Expired
Expired\frame300 (2).jpg,Expired
Expired\frame300.jpg,Expired
Expired\frame3000.jpg,Expired
Expired\frame3015.jpg,Expired
Expired\frame3030.jpg,Expired
Expired\frame3036.jpg,Expired
Expired\frame3050.jpg,Expired
Expired\frame3057.jpg,Expired
Expired\frame3078.jpg,Expired
Expired\frame310.jpg,Expired
Expired\frame3130.jpg,Expired
Expired\frame3135.jpg,Expired
Expired\frame3140.jpg,Expired
Expired\frame3176.jpg,Expired
Expired\frame3190.jpg,Expired
Expired\frame3196.jpg,Expired
Expired\frame320.jpg,Expired
Expired\frame3259.jpg,Expired
Expired\frame3280.jpg,Expired
Expired\frame330.jpg,Expired
Expired\frame3330.jpg,Expired
Expired\frame340.jpg,Expired
Expired\frame3470.jpg,Expired
Expired\frame348.jpg,Expired
Expired\frame3540.jpg,Expired
Expired\frame3560.jpg,Expired
Expired\frame3610.jpg,Expired
Expired\frame365.jpg,Expired
Expired\frame3680.jpg,Expired
Expired\frame3690.jpg,Expired
Expired\frame3700 (2).jpg,Expired
Expired\frame3700.jpg,Expired
Expired\frame3750.jpg,Expired
Expired\frame382.jpg,Expired
Expired\frame3820.jpg,Expired
Expired\frame3840.jpg,Expired
Expired\frame3890.jpg,Expired
Expired\frame3960.jpg,Expired
Expired\frame3980.jpg,Expired
Expired\frame399.jpg,Expired
Expired\frame4000 (2).jpg,Expired
Expired\frame4000.jpg,Expired
Expired\frame4010.jpg,Expired
Expired\frame4020.jpg,Expired
Expired\frame4030.jpg,Expired
Expired\frame4100.jpg,Expired
Expired\frame4120.jpg,Expired
Expired\frame4130.jpg,Expired
Expired\frame4140.jpg,Expired
Expired\frame416.jpg,Expired
Expired\frame4170.jpg,Expired
Expired\frame420.jpg,Expired
Expired\frame4240.jpg,Expired
Expired\frame4260.jpg,Expired
Expired\frame4280.jpg,Expired
Expired\frame430.jpg,Expired
Expired\frame4310.jpg,Expired
Expired\frame433.jpg,Expired
Expired\frame4380.jpg,Expired
Expired\frame440 (2).jpg,Expired
Expired\frame440.jpg,Expired
Expired\frame4400.jpg,Expired
Expired\frame4410.jpg,Expired
Expired\frame4420 (2).jpg,Expired
Expired\frame4420.jpg,Expired
Expired\frame4430.jpg,Expired
Expired\frame4450.jpg,Expired
Expired\frame450 (2).jpg,Expired
Expired\frame450.jpg,Expired
Expired\frame4500.jpg,Expired
Expired\frame4520.jpg,Expired
Expired\frame4560.jpg,Expired
Expired\frame4660.jpg,Expired
Expired\frame467.jpg,Expired
Expired\frame470.jpg,Expired
Expired\frame4700.jpg,Expired
Expired\frame4710.jpg,Expired
Expired\frame4720.jpg,Expired
Expired\frame4730.jpg,Expired
Expired\frame4740.jpg,Expired
Expired\frame4760.jpg,Expired
Expired\frame4770.jpg,Expired
Expired\frame4780.jpg,Expired
Expired\frame4790.jpg,Expired
Expired\frame480.jpg,Expired
Expired\frame4800.jpg,Expired
Expired\frame484.jpg,Expired
Expired\frame490.jpg,Expired
Expired\frame500.jpg,Expired
Expired\frame5000.jpg,Expired
Expired\frame501.jpg,Expired
Expired\frame510.jpg,Expired
Expired\frame518.jpg,Expired
Expired\frame520 (2).jpg,Expired
Expired\frame520.jpg,Expired
Expired\frame530 (2).jpg,Expired
Expired\frame530.jpg,Expired
Expired\frame535.jpg,Expired
Expired\frame540 (2).jpg,Expired
Expired\frame540.jpg,Expired
Expired\frame550 (2).jpg,Expired
Expired\frame550.jpg,Expired
Expired\frame552.jpg,Expired
Expired\frame560 (2).jpg,Expired
Expired\frame560.jpg,Expired
Expired\frame569.jpg,Expired
Expired\frame570 (2).jpg,Expired
Expired\frame570.jpg,Expired
Expired\frame580 (2).jpg,Expired
Expired\frame580.jpg,Expired
Expired\frame586.jpg,Expired
Expired\frame590 (2).jpg,Expired
Expired\frame590.jpg,Expired
Expired\frame600 (2).jpg,Expired
Expired\frame600 (3).jpg,Expired
Expired\frame600.jpg,Expired
Expired\frame6000.jpg,Expired
Expired\frame603.jpg,Expired
Expired\frame610 (2).jpg,Expired
Expired\frame610 (3).jpg,Expired
Expired\frame610 (4).jpg,Expired
Expired\frame610.jpg,Expired
Expired\frame611.jpg,Expired
Expired\frame612.jpg,Expired
Expired\frame613.jpg,Expired
Expired\frame614.jpg,Expired
Expired\frame615.jpg,Expired
Expired\frame616.jpg,Expired
Expired\frame617.jpg,Expired
Expired\frame618.jpg,Expired
Expired\frame619.jpg,Expired
Expired\frame620 (2).jpg,Expired
Expired\frame620.jpg,Expired
Expired\frame630.jpg,Expired
Expired\frame637.jpg,Expired
Expired\frame640 (2).jpg,Expired
Expired\frame640.jpg,Expired
Expired\frame650.jpg,Expired
Expired\frame654.jpg,Expired
Expired\frame660.jpg,Expired
Expired\frame670.jpg,Expired
Expired\frame671.jpg,Expired
Expired\frame680.jpg,Expired
Expired\frame688.jpg,Expired
Expired\frame690 (2).jpg,Expired
Expired\frame690.jpg,Expired
Expired\frame700.jpg,Expired
Expired\frame705.jpg,Expired
Expired\frame710.jpg,Expired
Expired\frame720 (2).jpg,Expired
Expired\frame720 (3).jpg,Expired
Expired\frame720.jpg,Expired
Expired\frame722.jpg,Expired
Expired\frame730 (2).jpg,Expired
Expired\frame730 (3).jpg,Expired
Expired\frame730.jpg,Expired
Expired\frame739.jpg,Expired
Expired\frame740 (2).jpg,Expired
Expired\frame740.jpg,Expired
Expired\frame750 (2).jpg,Expired
Expired\frame750 (3).jpg,Expired
Expired\frame750 (4).jpg,Expired
Expired\frame750.jpg,Expired
Expired\frame756.jpg,Expired
Expired\frame760 (2).jpg,Expired
Expired\frame760 (3).jpg,Expired
Expired\frame760.jpg,Expired
Expired\frame770 (2).jpg,Expired
Expired\frame770 (3).jpg,Expired
Expired\frame770.jpg,Expired
Expired\frame773.jpg,Expired
Expired\frame780 (2).jpg,Expired
Expired\frame780 (3).jpg,Expired
Expired\frame780.jpg,Expired
Expired\frame790 (2).jpg,Expired
Expired\frame790 (3).jpg,Expired
Expired\frame790.jpg,Expired
Expired\frame800 (2).jpg,Expired
Expired\frame800 (3).jpg,Expired
Expired\frame800.jpg,Expired
Expired\frame807.jpg,Expired
Expired\frame810 (2).jpg,Expired
Expired\frame810.jpg,Expired
Expired\frame820 (2).jpg,Expired
Expired\frame820.jpg,Expired
Expired\frame824.jpg,Expired
Expired\frame830 (2).jpg,Expired
Expired\frame830.jpg,Expired
Expired\frame840.jpg,Expired
Expired\frame841.jpg,Expired
Expired\frame850.jpg,Expired
Expired\frame858.jpg,Expired
Expired\frame860 (2).jpg,Expired
Expired\frame860 (3).jpg,Expired
Expired\frame860.jpg,Expired
Expired\frame870 (2).jpg,Expired
Expired\frame870.jpg,Expired
Expired\frame875.jpg,Expired
Expired\frame880 (2).jpg,Expired
Expired\frame880.jpg,Expired
Expired\frame890 (2).jpg,Expired
Expired\frame890 (3).jpg,Expired
Expired\frame890.jpg,Expired
Expired\frame900.jpg,Expired
Expired\frame909.jpg,Expired
Expired\frame910.jpg,Expired
Expired\frame920.jpg,Expired
Expired\frame926.jpg,Expired
Expired\frame930.jpg,Expired
Expired\frame940 (2).jpg,Expired
Expired\frame940.jpg,Expired
Expired\frame943.jpg,Expired
Expired\frame950.jpg,Expired
Expired\frame960 (2).jpg,Expired
Expired\frame960.jpg,Expired
Expired\frame977.jpg,Expired
Expired\frame994.jpg,Expired
Tomato(1-5)\frame1000.jpg,Tomato(1-5)
Tomato(1-5)\frame1010.jpg,Tomato(1-5)
Tomato(1-5)\frame1020.jpg,Tomato(1-5)
Tomato(1-5)\frame1030.jpg,Tomato(1-5)
Tomato(1-5)\frame1040.jpg,Tomato(1-5)
Tomato(1-5)\frame1130.jpg,Tomato(1-5)
Tomato(1-5)\frame1140.jpg,Tomato(1-5)
Tomato(1-5)\frame1150.jpg,Tomato(1-5)
Tomato(1-5)\frame1160.jpg,Tomato(1-5)
Tomato(1-5)\frame1170.jpg,Tomato(1-5)
Tomato(1-5)\frame1180.jpg,Tomato(1-5)
Tomato(1-5)\frame1190.jpg,Tomato(1-5)
Tomato(1-5)\frame1310.jpg,Tomato(1-5)
Tomato(1-5)\frame1320.jpg,Tomato(1-5)
Tomato(1-5)\frame1330.jpg,Tomato(1-5)
Tomato(1-5)\frame1340.jpg,Tomato(1-5)
Tomato(1-5)\frame1350.jpg,Tomato(1-5)
Tomato(1-5)\frame1360.jpg,Tomato(1-5)
Tomato(1-5)\frame1370.jpg,Tomato(1-5)
Tomato(1-5)\frame1380.jpg,Tomato(1-5)
Tomato(1-5)\frame1390.jpg,Tomato(1-5)
Tomato(1-5)\frame1400.jpg,Tomato(1-5)
Tomato(1-5)\frame1410.jpg,Tomato(1-5)
Tomato(1-5)\frame1420.jpg,Tomato(1-5)
Tomato(1-5)\frame1430.jpg,Tomato(1-5)
Tomato(1-5)\frame1440.jpg,Tomato(1-5)
Tomato(1-5)\frame1450.jpg,Tomato(1-5)
Tomato(1-5)\frame1460.jpg,Tomato(1-5)
Tomato(1-5)\frame1470.jpg,Tomato(1-5)
Tomato(1-5)\frame1480.jpg,Tomato(1-5)
Tomato(1-5)\frame1490.jpg,Tomato(1-5)
Tomato(1-5)\frame1500.jpg,Tomato(1-5)
Tomato(1-5)\frame1510.jpg,Tomato(1-5)
Tomato(1-5)\frame1520.jpg,Tomato(1-5)
Tomato(1-5)\frame1530.jpg,Tomato(1-5)
Tomato(1-5)\frame1540.jpg,Tomato(1-5)
Tomato(1-5)\frame1550.jpg,Tomato(1-5)
Tomato(1-5)\frame1560.jpg,Tomato(1-5)
Tomato(1-5)\frame1570.jpg,Tomato(1-5)
Tomato(1-5)\frame1580.jpg,Tomato(1-5)
Tomato(1-5)\frame1590.jpg,Tomato(1-5)
Tomato(1-5)\frame160.jpg,Tomato(1-5)
Tomato(1-5)\frame1600.jpg,Tomato(1-5)
Tomato(1-5)\frame1610.jpg,Tomato(1-5)
Tomato(1-5)\frame170.jpg,Tomato(1-5)
Tomato(1-5)\frame180.jpg,Tomato(1-5)
Tomato(1-5)\frame190.jpg,Tomato(1-5)
Tomato(1-5)\frame200.jpg,Tomato(1-5)
Tomato(1-5)\frame210.jpg,Tomato(1-5)
Tomato(1-5)\frame220.jpg,Tomato(1-5)
Tomato(1-5)\frame450.jpg,Tomato(1-5)
Tomato(1-5)\frame460.jpg,Tomato(1-5)
Tomato(1-5)\frame470.jpg,Tomato(1-5)
Tomato(1-5)\frame480.jpg,Tomato(1-5)
Tomato(1-5)\frame490.jpg,Tomato(1-5)
Tomato(1-5)\frame510 (2).jpg,Tomato(1-5)
Tomato(1-5)\frame510.jpg,Tomato(1-5)
Tomato(1-5)\frame520 (2).jpg,Tomato(1-5)
Tomato(1-5)\frame520.jpg,Tomato(1-5)
Tomato(1-5)\frame530 (2).jpg,Tomato(1-5)
Tomato(1-5)\frame530.jpg,Tomato(1-5)
Tomato(1-5)\frame540 (2).jpg,Tomato(1-5)
Tomato(1-5)\frame540.jpg,Tomato(1-5)
Tomato(1-5)\frame550 (2).jpg,Tomato(1-5)
Tomato(1-5)\frame550.jpg,Tomato(1-5)
Tomato(1-5)\frame560 (2).jpg,Tomato(1-5)
Tomato(1-5)\frame560.jpg,Tomato(1-5)
Tomato(1-5)\frame570 (2).jpg,Tomato(1-5)
Tomato(1-5)\frame570.jpg,Tomato(1-5)
Tomato(1-5)\frame580 (2).jpg,Tomato(1-5)
Tomato(1-5)\frame580.jpg,Tomato(1-5)
Tomato(1-5)\frame590 (2).jpg,Tomato(1-5)
Tomato(1-5)\frame590.jpg,Tomato(1-5)
Tomato(1-5)\frame600 (2).jpg,Tomato(1-5)
Tomato(1-5)\frame600.jpg,Tomato(1-5)
Tomato(1-5)\frame610 (2).jpg,Tomato(1-5)
Tomato(1-5)\frame610.jpg,Tomato(1-5)
Tomato(1-5)\frame620 (2).jpg,Tomato(1-5)
Tomato(1-5)\frame620.jpg,Tomato(1-5)
Tomato(1-5)\frame630 (2).jpg,Tomato(1-5)
Tomato(1-5)\frame630.jpg,Tomato(1-5)
Tomato(1-5)\frame640.jpg,Tomato(1-5)
Tomato(1-5)\frame650.jpg,Tomato(1-5)
Tomato(1-5)\frame660.jpg,Tomato(1-5)
Tomato(1-5)\frame670.jpg,Tomato(1-5)
Tomato(1-5)\frame680 (2).jpg,Tomato(1-5)
Tomato(1-5)\frame680.jpg,Tomato(1-5)
Tomato(1-5)\frame690 (2).jpg,Tomato(1-5)
Tomato(1-5)\frame690.jpg,Tomato(1-5)
Tomato(1-5)\frame700 (2).jpg,Tomato(1-5)
Tomato(1-5)\frame700.jpg,Tomato(1-5)
Tomato(1-5)\frame710 (2).jpg,Tomato(1-5)
Tomato(1-5)\frame710.jpg,Tomato(1-5)
Tomato(1-5)\frame720.jpg,Tomato(1-5)
Tomato(1-5)\frame730.jpg,Tomato(1-5)
Tomato(1-5)\frame740.jpg,Tomato(1-5)
Tomato(1-5)\frame750.jpg,Tomato(1-5)
Tomato(1-5)\frame760.jpg,Tomato(1-5)
Tomato(1-5)\frame770.jpg,Tomato(1-5)
Tomato(1-5)\frame780.jpg,Tomato(1-5)
Tomato(1-5)\frame790.jpg,Tomato(1-5)
Tomato(1-5)\frame800 (2).jpg,Tomato(1-5)
Tomato(1-5)\frame800.jpg,Tomato(1-5)
Tomato(1-5)\frame810.jpg,Tomato(1-5)
Tomato(1-5)\frame820.jpg,Tomato(1-5)
Tomato(1-5)\frame830.jpg,Tomato(1-5)
Tomato(1-5)\frame920.jpg,Tomato(1-5)
Tomato(1-5)\frame930.jpg,Tomato(1-5)
Tomato(1-5)\frame940.jpg,Tomato(1-5)
Tomato(1-5)\frame950.jpg,Tomato(1-5)
Tomato(1-5)\frame960.jpg,Tomato(1-5)
Tomato(1-5)\frame970.jpg,Tomato(1-5)
Tomato(1-5)\frame980.jpg,Tomato(1-5)
Tomato(1-5)\frame990.jpg,Tomato(1-5)
Tomato(10-15)\frame0.jpg,Tomato(10-15)
Tomato(10-15)\frame10.jpg,Tomato(10-15)
Tomato(10-15)\frame110 (2).jpg,Tomato(10-15)
Tomato(10-15)\frame110.jpg,Tomato(10-15)
Tomato(10-15)\frame120.jpg,Tomato(10-15)
Tomato(10-15)\frame130.jpg,Tomato(10-15)
Tomato(10-15)\frame140.jpg,Tomato(10-15)
Tomato(10-15)\frame150.jpg,Tomato(10-15)
Tomato(10-15)\frame160.jpg,Tomato(10-15)
Tomato(10-15)\frame170.jpg,Tomato(10-15)
Tomato(10-15)\frame180.jpg,Tomato(10-15)
Tomato(10-15)\frame190.jpg,Tomato(10-15)
Tomato(10-15)\frame20.jpg,Tomato(10-15)
Tomato(10-15)\frame200.jpg,Tomato(10-15)
Tomato(10-15)\frame210 (2).jpg,Tomato(10-15)
Tomato(10-15)\frame210.jpg,Tomato(10-15)
Tomato(10-15)\frame220 (2).jpg,Tomato(10-15)
Tomato(10-15)\frame220.jpg,Tomato(10-15)
Tomato(10-15)\frame230.jpg,Tomato(10-15)
Tomato(10-15)\frame240.jpg,Tomato(10-15)
Tomato(10-15)\frame250.jpg,Tomato(10-15)
Tomato(10-15)\frame260.jpg,Tomato(10-15)
Tomato(10-15)\frame270 (2).jpg,Tomato(10-15)
Tomato(10-15)\frame270.jpg,Tomato(10-15)
Tomato(10-15)\frame280 (2).jpg,Tomato(10-15)
Tomato(10-15)\frame280.jpg,Tomato(10-15)
Tomato(10-15)\frame290 (2).jpg,Tomato(10-15)
Tomato(10-15)\frame290.jpg,Tomato(10-15)
Tomato(10-15)\frame30.jpg,Tomato(10-15)
Tomato(10-15)\frame300 (2).jpg,Tomato(10-15)
Tomato(10-15)\frame300.jpg,Tomato(10-15)
Tomato(10-15)\frame310 (2).jpg,Tomato(10-15)
Tomato(10-15)\frame310.jpg,Tomato(10-15)
Tomato(10-15)\frame320 (2).jpg,Tomato(10-15)
Tomato(10-15)\frame320.jpg,Tomato(10-15)
Tomato(10-15)\frame330 (2).jpg,Tomato(10-15)
Tomato(10-15)\frame330.jpg,Tomato(10-15)
Tomato(10-15)\frame340 (2).jpg,Tomato(10-15)
Tomato(10-15)\frame340.jpg,Tomato(10-15)
Tomato(10-15)\frame350 (2).jpg,Tomato(10-15)
Tomato(10-15)\frame350.jpg,Tomato(10-15)
Tomato(10-15)\frame360.jpg,Tomato(10-15)
Tomato(10-15)\frame370.jpg,Tomato(10-15)
Tomato(10-15)\frame380.jpg,Tomato(10-15)
Tomato(10-15)\frame390.jpg,Tomato(10-15)
Tomato(10-15)\frame400.jpg,Tomato(10-15)
Tomato(10-15)\frame410.jpg,Tomato(10-15)
Tomato(10-15)\frame420.jpg,Tomato(10-15)
Tomato(10-15)\frame430.jpg,Tomato(10-15)
Tomato(10-15)\frame440.jpg,Tomato(10-15)
Tomato(10-15)\frame450 (2).jpg,Tomato(10-15)
Tomato(10-15)\frame450 (3).jpg,Tomato(10-15)
Tomato(10-15)\frame450 (4).jpg,Tomato(10-15)
Tomato(10-15)\frame450.jpg,Tomato(10-15)
Tomato(10-15)\frame460 (2).jpg,Tomato(10-15)
Tomato(10-15)\frame460 (3).jpg,Tomato(10-15)
Tomato(10-15)\frame460 (4).jpg,Tomato(10-15)
Tomato(10-15)\frame460.jpg,Tomato(10-15)
Tomato(10-15)\frame470 (2).jpg,Tomato(10-15)
Tomato(10-15)\frame470 (3).jpg,Tomato(10-15)
Tomato(10-15)\frame470 (4).jpg,Tomato(10-15)
Tomato(10-15)\frame470.jpg,Tomato(10-15)
Tomato(10-15)\frame480 (2).jpg,Tomato(10-15)
Tomato(10-15)\frame480 (3).jpg,Tomato(10-15)
Tomato(10-15)\frame480 (4).jpg,Tomato(10-15)
Tomato(10-15)\frame480.jpg,Tomato(10-15)
Tomato(10-15)\frame490 (2).jpg,Tomato(10-15)
Tomato(10-15)\frame490 (3).jpg,Tomato(10-15)
Tomato(10-15)\frame490 (4).jpg,Tomato(10-15)
Tomato(10-15)\frame490.jpg,Tomato(10-15)
Tomato(10-15)\frame500 (2).jpg,Tomato(10-15)
Tomato(10-15)\frame500 (3).jpg,Tomato(10-15)
Tomato(10-15)\frame500.jpg,Tomato(10-15)
Tomato(10-15)\frame510.jpg,Tomato(10-15)
Tomato(10-15)\frame520.jpg,Tomato(10-15)
Tomato(10-15)\frame530.jpg,Tomato(10-15)
Tomato(10-15)\frame540.jpg,Tomato(10-15)
Tomato(10-15)\frame55 (2).jpg,Tomato(10-15)
Tomato(10-15)\frame55 (3).jpg,Tomato(10-15)
Tomato(10-15)\frame55.jpg,Tomato(10-15)
Tomato(10-15)\frame840.jpg,Tomato(10-15)
Tomato(10-15)\frame850.jpg,Tomato(10-15)
Tomato(10-15)\frame860.jpg,Tomato(10-15)
Tomato(10-15)\frame870.jpg,Tomato(10-15)
Tomato(10-15)\frame880.jpg,Tomato(10-15)
Tomato(10-15)\frame890.jpg,Tomato(10-15)
Tomato(10-15)\frame900.jpg,Tomato(10-15)
Tomato(10-15)\frame910.jpg,Tomato(10-15)
Tomato(5-10)\frame100.jpg,Tomato(5-10)
Tomato(5-10)\frame110.jpg,Tomato(5-10)
Tomato(5-10)\frame240.jpg,Tomato(5-10)
Tomato(5-10)\frame250.jpg,Tomato(5-10)
Tomato(5-10)\frame260.jpg,Tomato(5-10)
Tomato(5-10)\frame270.jpg,Tomato(5-10)
Tomato(5-10)\frame280 (2).jpg,Tomato(5-10)
Tomato(5-10)\frame280.jpg,Tomato(5-10)
Tomato(5-10)\frame290 (2).jpg,Tomato(5-10)
Tomato(5-10)\frame290.jpg,Tomato(5-10)
Tomato(5-10)\frame300 (2).jpg,Tomato(5-10)
Tomato(5-10)\frame300.jpg,Tomato(5-10)
Tomato(5-10)\frame310 (2).jpg,Tomato(5-10)
Tomato(5-10)\frame310.jpg,Tomato(5-10)
Tomato(5-10)\frame320.jpg,Tomato(5-10)
Tomato(5-10)\frame330.jpg,Tomato(5-10)
Tomato(5-10)\frame340 (2).jpg,Tomato(5-10)
Tomato(5-10)\frame340.jpg,Tomato(5-10)
Tomato(5-10)\frame350 (2).jpg,Tomato(5-10)
Tomato(5-10)\frame350.jpg,Tomato(5-10)
Tomato(5-10)\frame360 (2).jpg,Tomato(5-10)
Tomato(5-10)\frame360.jpg,Tomato(5-10)
Tomato(5-10)\frame370 (2).jpg,Tomato(5-10)
Tomato(5-10)\frame370.jpg,Tomato(5-10)
Tomato(5-10)\frame380 (2).jpg,Tomato(5-10)
Tomato(5-10)\frame380 (3).jpg,Tomato(5-10)
Tomato(5-10)\frame380.jpg,Tomato(5-10)
Tomato(5-10)\frame390 (2).jpg,Tomato(5-10)
Tomato(5-10)\frame390 (3).jpg,Tomato(5-10)
Tomato(5-10)\frame390 (4).jpg,Tomato(5-10)
Tomato(5-10)\frame390.jpg,Tomato(5-10)
Tomato(5-10)\frame400 (2).jpg,Tomato(5-10)
Tomato(5-10)\frame400 (3).jpg,Tomato(5-10)
Tomato(5-10)\frame400 (4).jpg,Tomato(5-10)
Tomato(5-10)\frame400.jpg,Tomato(5-10)
Tomato(5-10)\frame410 (2).jpg,Tomato(5-10)
Tomato(5-10)\frame410 (3).jpg,Tomato(5-10)
Tomato(5-10)\frame410.jpg,Tomato(5-10)
Tomato(5-10)\frame420 (2).jpg,Tomato(5-10)
Tomato(5-10)\frame420 (3).jpg,Tomato(5-10)
Tomato(5-10)\frame420.jpg,Tomato(5-10)
Tomato(5-10)\frame430 (2).jpg,Tomato(5-10)
Tomato(5-10)\frame430 (3).jpg,Tomato(5-10)
Tomato(5-10)\frame430.jpg,Tomato(5-10)
Tomato(5-10)\frame440 (2).jpg,Tomato(5-10)
Tomato(5-10)\frame440 (3).jpg,Tomato(5-10)
Tomato(5-10)\frame440.jpg,Tomato(5-10)
Tomato(5-10)\frame450 (2).jpg,Tomato(5-10)
Tomato(5-10)\frame450.jpg,Tomato(5-10)
Tomato(5-10)\frame460 (2).jpg,Tomato(5-10)
Tomato(5-10)\frame460.jpg,Tomato(5-10)
Tomato(5-10)\frame470 (2).jpg,Tomato(5-10)
Tomato(5-10)\frame470.jpg,Tomato(5-10)
Tomato(5-10)\frame480 (2).jpg,Tomato(5-10)
Tomato(5-10)\frame480.jpg,Tomato(5-10)
Tomato(5-10)\frame490 (2).jpg,Tomato(5-10)
Tomato(5-10)\frame490.jpg,Tomato(5-10)
Tomato(5-10)\frame500 (2).jpg,Tomato(5-10)
Tomato(5-10)\frame500.jpg,Tomato(5-10)
Tomato(5-10)\frame510 (2).jpg,Tomato(5-10)
Tomato(5-10)\frame510 (3).jpg,Tomato(5-10)
Tomato(5-10)\frame510.jpg,Tomato(5-10)
Tomato(5-10)\frame520 (2).jpg,Tomato(5-10)
Tomato(5-10)\frame520.jpg,Tomato(5-10)
Tomato(5-10)\frame530.jpg,Tomato(5-10)
Tomato(5-10)\frame540.jpg,Tomato(5-10)
Tomato(5-10)\frame550.jpg,Tomato(5-10)
Tomato(5-10)\frame560.jpg,Tomato(5-10)
Tomato(5-10)\frame570.jpg,Tomato(5-10)
Tomato(5-10)\frame580.jpg,Tomato(5-10)
Tomato(5-10)\frame590.jpg,Tomato(5-10)
Tomato(5-10)\frame600.jpg,Tomato(5-10)
Tomato(5-10)\frame610.jpg,Tomato(5-10)
Tomato(5-10)\frame620 (2).jpg,Tomato(5-10)
Tomato(5-10)\frame620.jpg,Tomato(5-10)
Tomato(5-10)\frame630 (2).jpg,Tomato(5-10)
Tomato(5-10)\frame630.jpg,Tomato(5-10)
Tomato(5-10)\frame640 (2).jpg,Tomato(5-10)
Tomato(5-10)\frame640.jpg,Tomato(5-10)
Tomato(5-10)\frame650 (2).jpg,Tomato(5-10)
Tomato(5-10)\frame650.jpg,Tomato(5-10)
Tomato(5-10)\frame660 (2).jpg,Tomato(5-10)
Tomato(5-10)\frame660.jpg,Tomato(5-10)
Tomato(5-10)\frame670 (2).jpg,Tomato(5-10)
Tomato(5-10)\frame670.jpg,Tomato(5-10)
Tomato(5-10)\frame680.jpg,Tomato(5-10)
Tomato(5-10)\frame690.jpg,Tomato(5-10)
Tomato(5-10)\frame700.jpg,Tomato(5-10)
Tomato(5-10)\frame710.jpg,Tomato(5-10)
Tomato(5-10)\frame720.jpg,Tomato(5-10)
Tomato(5-10)\frame730.jpg,Tomato(5-10)
Tomato(5-10)\frame740.jpg,Tomato(5-10)
Tomato(5-10)\frame750.jpg,Tomato(5-10)
Tomato(5-10)\frame760.jpg,Tomato(5-10)
Tomato(5-10)\frame770.jpg,Tomato(5-10)
Tomato(5-10)\frame780.jpg,Tomato(5-10)
Tomato(5-10)\frame790.jpg,Tomato(5-10)
Tomato(5-10)\frame800.jpg,Tomato(5-10)
Tomato(5-10)\frame90.jpg,Tomato(5-10)
